IEPP;DRE;EPP;EDIL;PRIVE;ENSEMBLE;urbain; accs ;"Année 2
EFF CP1  - garçons";"Année 2
EFF CP2 - garçons";"Année 2
EFF CE1 - garçons";"Année 2
EFF CE2 - garçons";"Année 2
EFF CM1 - garçons";"Année 2
EFF CM2 - garçons";"Année 2
Total Eff garçons";"Année 2
EFF CP1  - filles";"Année 2
EFF CP2 - filles";"Année 2
EFF CE1 - filles";"Année 2
EFF CE2 - filles";"Année 2
EFF CM1 - filles";"Année 2
EFF CM2 - filles";"Année 2
Total Eff filles";Annee_2_Total_Eff;"Année 2
NR CP1  - garçons";"Année 2
NR CP2 - garçons";"Année 2
NR CE1 - garçons";"Année 2
NR CE2 - garçons";"Année 2
NR CM1 - garçons";"Année 2
NR CM2 - garçons";"Année 2
NR CP1  - filles";"Année 2
NR CP2 - filles";"Année 2
NR CE1 - filles";"Année 2
NR CE2 - filles";"Année 2
NR CM1 - filles";"Année 2
NR CM2 - filles";"Année 1
EFF CP1  - garçons";"Année 1
EFF CP2 - garçons";"Année 1
EFF CE1 - garçons";"Année 1
EFF CE2 - garçons";"Année 1
EFF CM1 - garçons";"Anné+AR2:AR61e 1
EFF CM2 - garçons";Année1 Eff Total FILLES;"Année 1
EFF CP1  - filles";"Année 1
EFF CP2 - filles";"Année 1
EFF CE1 - filles";"Année 1
EFF CE2 - filles";"Année 1
EFF CM1 - filles";"Année 1
EFF CM2 - filles";LECT_CP1;LECT_CP2;LECT_CE1;LECT_CE2;LECT_CM1;LECT_CM2;CALC_CP1;CALC_CP2;CALC_CE1;CALC_CE2;CALC_CM1;CALC_CM2;année 2 SECTION_CP1;année 2 SECTION_CP2;année 2 SECTION_CE1;année 2 SECTION_CE2;année 2 SECTION_CM1;année 2 SECTION_CM2;année 1 SECTION_CP1;année 1 SECTION_CP2;année 1 SECTION_CE1;année 1 SECTION_CE2;année 1 SECTION_CM1;année 1 SECTION_CM2;bureaux;logement;eau;electricite;terrain spor;latrines;nbre cabines;cours jumelés;lesquels;dur;banco;autres;Salle;places assise;tables;chaises;Present M;Présent F;Tot Présent;Admis M;Admis F;Tot Admis;subvention Etat;PERI;APE;ONG;communaute;AUTRE;SUB _total;Ens Fonct M  (public/com);Ens Fonct F (public/com);Ens Fonct T (public/com);"Aux M 
 (public/com)";Aux F  (public/com);"Aux T
 (public/com)";"Vol. M
 (public/com)";"Vol. F
 (public/com)";"Vol. T
 (public/com)";Ens privé M + fonct/aux M privé;Ens privé F + fonct/aux F privé;Ens privé T + fonct/aux T privé;EnsT hors EV;Ens_Total;R2;Ecole;Total Elèves;Inspecteurs ;Inspectrices;Conseillers;Conseillères;pers. D'encadrement;% d'élèves ayant une place assise;% d'Enseignants fonctionnaires;Aléa dans l'allocation des ens. (R2);"% d'enseignants ""couverts"" par la norme de 300 enseignants par inspecteur";"% d'enseignants ""couverts"" par la norme de 60 enseignants par conseiller pédagogique";Taux brut d'admission au CP1;Taux net d'admission au CP1;Taux d'achèvement;Nombre de certifiés/pop 11 ans;Année 1 Effectif Total ;nb inspecteurs pour 100 écoles;nb conseillers pour 100 écoles;;insp/conseiller;école;enseignants;Nb Cogep PUBLIC + COM;Nb Cantines;Total RED;NR CP2 A2 / Eff CP1 A1;NR CE1 A2 / Eff CP2 A1;NR CE2 A2 / Eff CE1 A1;NR CM1 A2 / Eff CPE2 A1;NR CM2 A2 / Eff CM1 A1;An1 Effectif Public;NR CP2 A2 / Eff CP1 A1 garçons;NR CE1 A2 / Eff CP2 A1 garçons;NR CE2 A2 / Eff CE1 A1 garçons;NR CM1 A2 / Eff CPE2 A1 garçons;NR CM2 A2 / Eff CM1 A1 garçons;An1 Nbre Total GP;NR CP2 A2 / Eff CP1 A1 filles;NR CE1 A2 / Eff CP2 A1 filles;NR CE2 A2 / Eff CE1 A1 filles;NR CM1 A2 / Eff CPE2 A1 filles;NR CM2 A2 / Eff CM1 A1 filles;Tx de reténtion;% de non- redoublants;Indice de parité de réussite au CEPD;Indice de parité de rétention;Indice de parité de % de non-redoublants;Zone urbaine?;Accès à l'école toute l'année ? ;Electricité  ? ;Eau?;Latrines ?;% de places assises /élève;"% élèves dans des salles de 
classe de moins de 40 élèves ";"% élèves qui partage leur 
enseignant avec moins de 40 élèves";% élève ayant un manuel de lecture;% élève ayant un manuel de calcul;% de salles matériaux permanent;Tx de rétention;% non-redoublants;Indice contexte/moyens;Indice résultat;CP1 public;CP2 public;CE1 public;CE2 public;CM1 public;CM2 public;total eff public/com;Enseignants Qualif H;Enseignants Qualif F;Nvx Inscr F;Nvx Inscr G;Nvx inscrits Total;Const_bat;Renov_Bat;Achat_Mob;Renov_Mob;Achat_Equip_Pedag;Achat_Manuels_Scol;Salaire_Ens;Salaire_Autres;Appui_Cantine;Autres_Depenses;Const/Renov Bat;Mobilier;Mat. Didag./manuels;Total Enseignants Hommes;Total Enseignants Femmes;Français_T;Maths_T;Leçons_T;Ensemble_T;Sup10_Fran;Sup10_Math;Sup10_Lec;Sup10_Global
LOME_AEROPORT;GOLFE_LOME;30;0;177;207;207;204;4385;4035;3911;3518;3376;3376;22601;4480;4327;3973;3747;3820;3068;23415;46016;4274;3782;3685;3204;3036;2813;4376;4091;3732;3418;3465;2964;4382;3871;3714;3435;3440;2804;23224;4530;4161;3991;3836;3787;2919;2330;400;876;774;924;332;1599;406;926;813;879;638;230;226;224;223;220;213;219;217;216;209;214;204;96;29;148;164;77;193;690;234;;1609;31;25;1665;46141;4530;4161;0;869;869;221;2330;2551;3335000;200000;0;;;0;3535000;104;62;166;4;0;4;0;0;0;886;223;1109;1279;1279;41,90769845;207;46016;1;0;1;2;4;100;97,64705882;41,90769845;23,45582486;14,07349492;1,699318861;;1,271203598;0,561336399;44870;0,483091787;1,449275362;IEPP LOME AEROPORT;4;207;1279;30;0;3176;0,883415619;0,923431275;0,859441921;0,894099849;0,799363498;10157;0,863076221;0,9519504;0,862681745;0,883842795;0,817732558;1336;0,903090508;0,896899784;0,856426961;0,903284672;0,782677581;0,501090905;0,930980529;0,976721408;0,957354243;0,977180391;1;0,985507246;0,792270531;0,714975845;0,93236715;1;1;1;0,574632953;0,536398858;0,966366366;0,501090905;0,930980529;0,873249128;0,874708065;1780;1814;1799;1699;1664;1052;9808;554;128;7924;8351;16275;15190115;33211216;16842917;7277763;12832044;14239425;119671173;41187727;18320623;33574191;48401331;24120680;27071469;994;285;11,58948448;13,54710018;17,23872291;13,66192568;0,690509666;0,816695958;0,962214411;0,904920914
AGOENYIVE_EST;GOLFE_LOME;40;0;202;242;242;224;6296;5803;5332;4839;4731;4731;31732;5961;5739;5382;5052;4988;3959;31081;62813;6295;5410;5224;4410;4554;3583;5960;5371;5269;4589;4775;3797;5794;5248;4826;4444;4193;3452;28951;5641;5259;4987;4784;4525;3755;1702;1331;1397;1303;1223;927;1767;820;1242;1181;1209;851;275;269;269;264;270;252;247;245;244;240;237;235;128;58;133;149;100;185;663;194;;1847;64;83;1994;57844;5641;5259;11;951;962;354;1702;2056;4675000;0;0;;;31509735;36184735;94;94;188;13;7;20;13;10;23;972;363;1335;1543;1566;30,73032174;242;62813;1;0;3;2;6;92,0892172;90,38461538;30,73032174;19,4426442;19,4426442;2,379431826;;1,604385515;0,446967021;56908;0,41322314;2,066115702;IEPP AGOENYIVE EST;6;242;1543;39;0;3576;0,942807171;0,998667555;0,917048813;1,01094495;0,846524432;15202;0,933724543;0,995426829;0,913800249;1,024752475;0,854519437;1599;0,952136146;1,001901502;0,920192501;0,998118729;0,839116022;0,738929959;0,94306911;0,976796279;0,988522773;0,970104604;1;0,925619835;0,615702479;0,549586777;0,76446281;0,920892172;1;0,982599143;0,498198824;0,446817923;0,926278837;0,738929959;0,94306911;0,794500413;0,916966287;2807;2785;2867;2708;2728;1928;15823;589;256;763;795;1558;21178710;2830850;1740950;2536750;1943220;6120930;433390905;25885000;0;21331060;24009560;4277700;8064150;1092;474;10,78329937;13,01470788;17,31123188;13,18618498;0,597146739;0,769021739;0,954619565;0,884375
AGOENYIVE_OUEST;GOLFE_LOME;44;0;179;223;32;214;6765;6319;5968;5272;4981;4981;34286;6782;6257;6011;5583;5521;4825;34979;69265;6765;5869;5968;4802;4981;4209;6782;5863;6011;5117;5521;4607;6079;5846;5331;5030;4914;4011;32696;6236;5869;5462;5424;5395;4310;5328;1223;2077;1542;1464;912;3192;434;1926;1557;1501;1392;294;290;288;271;272;267;277;281;265;263;273;248;145;92;139;122;113;197;609;124;;1986;24;76;2086;67202;6236;5869;6;1030;1036;380;5328;5708;5049000;5783210;0;;;0;10832210;102;138;240;0;2;2;9;3;12;1031;382;1413;1655;1667;64,51081399;223;69265;1;0;2;2;5;97,02158377;99,17355372;64,51081399;18,12688822;14,50151057;2,904482571;;2,116563051;1,370388146;63907;0,448430493;1,793721973;IEPP AGOENYIVE OUEST;5;223;1655;43;0;2770;0,952659359;1,022535211;0,919021588;1,004591544;0,85517509;16882;0,965454845;1,02086897;0,900769086;0,990258449;0,856532357;1682;0,940186017;1,024194922;0,936836324;1,017883481;0,853938832;0,769105972;0,960008662;0,982280366;0,96033513;0,980879642;0,143497758;0,959641256;0,547085202;0,623318386;0,883408072;0,970215838;1;0,955749657;0,712557506;0,568069518;0,952061361;0,769105972;0,960008662;0,775611674;0,922491078;3156;3172;3041;3096;2834;2308;17607;554;269;873;910;1783;246649700;50327475;41621565;12066560;12932400;27902910;666735500;74601065;2886000;52719505;296977175;53688125;40835310;1142;525;12,56526493;13,3421834;16,7989228;13,87094817;0,768402154;0,782212402;0,930396354;0,882336694
LOME_CENTRE;GOLFE_LOME;39;0;89;128;128;126;2747;2386;2286;2117;2120;2120;13776;2725;2630;2419;2264;2331;1968;14337;28113;2714;2205;2217;1959;2046;1773;2689;2449;2372;2104;2250;1853;2559;2369;2151;2163;2077;1677;13978;2673;2454;2363;2365;2248;1875;1799;266;1191;1138;1164;691;970;125;1072;1097;971;780;139;138;138;135;137;133;139;134;133;132;134;123;69;47;113;111;49;112;483;76;;1193;0;2;1195;28453;2673;2454;16;408;424;115;1799;1914;3610000;11500000;175000;;;3290000;18575000;123;87;210;0;0;0;0;0;0;425;121;546;756;756;65,86930305;128;28113;1;0;1;2;4;100;100;65,86930305;39,68253968;23,80952381;1,091383469;;0,820301367;0,432999673;26974;0,78125;2,34375;IEPP LOME CENTRE;4;128;756;26;4;1482;0,889525994;0,95148248;0,900088613;0,948763251;0,838381503;10106;0,861664713;0,935837906;0,910739191;0,94590846;0,853635051;820;0,916199027;0,966585167;0,890393567;0,951374207;0,824288256;0,605960408;0,947284175;0,966517759;0,958985108;0,979798555;1;0,984375;0,8671875;0,8828125;0,875;1;1;1;0,605054222;0,485573199;0,99832636;0,605960408;0,947284175;0,891527398;0,886150362;1952;1798;1771;1678;1757;1372;10328;397;142;739;771;1510;10500000;86455200;6436000;3879900;2884400;1462000;145536800;69361360;50148000;27429725;96955200;10315900;4346400;548;208;10,78127854;13,19383562;16,9326484;13,16226027;0,583561644;0,775616438;0,95369863;0,858356164
LOME_EST;GOLFE_LOME;28;0;195;223;223;199;4780;4719;4344;4038;4061;4061;26003;4852;4728;4445;4193;4277;3852;26347;52350;4722;4300;4211;3685;3882;3388;4820;4342;4340;3838;4091;3656;4618;4448;4176;4034;3923;3345;25552;4740;4512;4218;4281;4186;3615;2571;526;695;693;616;347;1582;106;770;697;660;498;221;221;221;222;222;222;213;214;213;213;217;208;75;38;209;157;61;196;629;334;;1511;49;188;1748;50204;4740;4512;0;866;866;213;2571;2784;2935000;1400000;0;;;3780000;8115000;113;32;145;5;1;6;1;0;1;879;218;1097;1248;1249;32,36658807;223;52350;0;1;1;2;4;95,90066858;96,02649007;32,36658807;24,03846154;14,42307692;3,239402032;;2,678624006;1,05867252;50096;0,448430493;1,34529148;IEPP LOME EST;4;223;1248;26;0;3075;0,923487925;0,954352679;0,896235406;0,958869513;0,868664447;10750;0,931139021;0,946717626;0,882423372;0,962320278;0,863624777;1329;0,916033755;0,961879433;0,90990991;0,955617846;0,873387482;0,657921036;0,941260745;0,983807988;0,96612873;0,976919876;1;0,892376682;0,704035874;0,937219731;0,878923767;0,959006686;1;0,953581662;0,513816844;0,406771668;0,864416476;0,657921036;0,941260745;0,839201191;0,896998939;1732;2016;1895;1846;1636;1478;10603;494;94;706;730;1436;3830000;1721100;853000;516900;1560900;1396450;12975000;1975000;150;9835250;5551100;1369900;2957350;998;251;10,91412233;13,05460248;16,54798972;12,99637783;0,628174123;0,772067715;0,935006046;0,85595526
LOME_OUEST;GOLFE_LOME;53;0;175;228;161;221;5904;5514;5262;4754;4730;4730;30894;5713;5624;5439;4996;4968;4201;30941;61835;5809;5012;5058;4281;4482;3653;5635;5200;5237;4515;4747;3989;5445;4914;4512;4374;4157;3452;27851;5389;4989;4530;4696;4505;3742;5273;1420;2059;1807;1851;1008;2184;377;1238;1332;1383;1145;261;255;261;254;257;248;234;232;230;233;238;223;179;91;167;159;137;211;936;108;;1797;5;56;1858;60398;5389;4989;3;879;882;226;5273;5499;5747000;0;80500;;;3200000;9027500;130;136;266;23;9;32;0;0;0;958;262;1220;1518;1518;47,96763659;228;61835;0;1;1;2;4;97,67607342;89,26174497;47,96763659;19,76284585;11,85770751;2,545258662;;1,903738373;1,369884496;54705;0,438596491;1,315789474;IEPP LOME OUEST;4;228;1518;50;1;4217;0,942588148;1,039583964;0,97279363;1,01753032;0,882244285;18080;0,920477502;1,029304029;0,948803191;1,024691358;0,87875872;1536;0,964928558;1,049709361;0,996688742;1,010860307;0,885460599;0,855733389;0,931802377;0,960472107;0,895800998;0,966410192;0,706140351;0,969298246;0,697368421;0,73245614;0,925438596;0,976760734;1;0,981968141;0,732143832;0,417908005;0,967168999;0,855733389;0,931802377;0,83327241;0,916165411;3385;3408;3373;3034;3024;2103;18327;611;256;742;761;1503;30461002;8725440;3180600;955575;1458325;4950800;48162800;2120000;2000000;25131216;39186442;4136175;6409125;1111;407;10,96511852;13,8213616;17,05786336;13,40861511;0,615318044;0,824462715;0,953122746;0,886773403
LOME_SUD;GOLFE_LOME;38;0;163;201;201;192;4214;4063;3928;3590;3569;3569;22933;4186;4117;3953;3822;3803;3341;23222;46155;4176;3774;3809;3249;3430;2896;4163;3850;3850;3513;3665;3185;4113;3926;3769;3633;3499;3142;22821;4078;3986;3804;3869;3863;3221;8111;315;1292;1281;1022;526;5694;160;1383;1229;981;730;197;199;199;197;195;194;187;187;190;186;187;187;122;57;178;184;73;167;633;148;;1604;19;14;1637;45213;4078;3986;0;0;0;0;0;0;4795000;0;0;;;0;4795000;153;53;206;0;0;0;0;0;0;796;167;963;1169;1169;15,04779877;201;46155;1;0;2;1;4;97,95905102;100;15,04779877;25,66295979;15,39777588;1,685045028;;1,376212665;0;44903;0,497512438;1,492537313;IEPP LOME SUD;4;201;1169;34;0;2595;0,930777683;0,968023256;0,892909019;0,945747801;0,82599837;12187;0,91757841;0,970198675;0,862032369;0,944123314;0,827665047;1181;0,94409024;0,965880582;0,923501577;0,947273197;0,824488739;0,628482939;0,943776406;0,969317862;0,911750924;0,971962995;1;0,955223881;0,915422886;0,885572139;0,830845771;0,97959051;1;1;1;0,834111958;0,979841173;0,628482939;0,943776406;0,948384026;0,884002184;2237;2123;2225;2083;2002;1531;12201;645;142;849;864;1713;5050000;14908450;6414725;2747175;7509620;6300245;345085800;43430550;2125000;718812903;19958450;9161900;13809865;949;220;10,59304951;13,56632653;16,86913126;13,04018903;0,56239545;0,819839411;0,956507193;0,878721981
AVE;MARITIME;108;5;29;142;24;121;2489;2396;2182;2014;1953;1953;12987;2344;2149;1988;1881;1864;1496;11722;24709;2489;2078;2182;1726;1953;1571;2344;1911;1988;1661;1864;1373;2512;2501;1988;2177;1906;1883;11910;2452;2249;1904;2052;1661;1592;4002;2448;2447;2183;1794;1413;1428;1589;2282;2201;1758;1523;142;141;142;137;139;137;137;141;137;140;136;137;344;155;43;21;112;81;403;462;;769;42;177;988;22579;2452;2249;13;85;98;39;4002;4041;9365000;2879500;9657475;;;1261000;23162975;292;50;342;0;2;2;82;13;95;128;45;173;517;612;75,17506708;142;24709;1;0;1;0;2;91,37965923;99,41860465;75,17506708;58,0270793;11,60541586;1,276963731;;1,009768554;1,386030817;24877;0,704225352;0,704225352;IEPP AVE;2;142;517;108;2;1569;0,803585818;0,877894737;0,87024666;0,902577441;0,825343426;18994;0,827229299;0,87245102;0,868209256;0,897106109;0,824239244;838;0,779363785;0,883948422;0,87237395;0,908382066;0,826610476;0,457336901;0,93650087;0,95800217;0,973981737;0,972106295;0,169014085;0,852112676;0,147887324;0,302816901;0,570422535;0,913796592;1;0,836942005;0,773315291;0,583545332;0,778340081;0,457336901;0,93650087;0,660198239;0,855696958;3765;3427;3128;2914;2839;2402;18475;429;77;930;1023;1953;689000;379750;940900;646775;4296910;1160700;11277925;533500;0;5158115;1068750;1587675;5457610;502;110;8,666717019;13,74690332;15,3121853;12,02697454;0,302416918;0,868277946;0,903625378;0,836253776
BAS_MONO;MARITIME;91;1;31;123;21;111;2550;2302;2165;2112;1821;1821;12771;2447;2172;1957;1906;1822;1565;11869;24640;2550;2046;2165;1864;1821;1516;2447;1936;1957;1691;1822;1413;2679;2320;2179;2057;1965;1627;11731;2508;2106;1947;2031;1809;1330;4131;2321;2443;2308;1951;1141;2038;1276;2140;1948;1789;1435;123;124;123;123;120;120;123;122;122;120;121;120;288;148;53;17;82;75;345;284;;854;145;110;1109;21374;2508;2106;20;105;125;17;4131;4148;10450001;31000000;120000;;;0;41570001;261;16;277;19;5;24;131;20;151;125;17;142;443;594;66,74053549;123;24640;1;0;1;0;2;86,74512987;92,02657807;66,74053549;67,72009029;13,54401806;1,231976103;;0,947273897;1,341513187;24558;0,81300813;0,81300813;IEPP BAS MONO;2;123;443;90;4;1412;0,767688452;0,931314957;0,861609307;0,891144814;0,776099629;19290;0,763717805;0,933189655;0,855438274;0,88526981;0,771501272;733;0,771929825;0,929249763;0,868515665;0,897095027;0,781094527;0,426047211;0,942694805;0,956621868;0,953836264;0,986786674;0,170731707;0,902439024;0,138211382;0,430894309;0,609756098;0,867451299;1;0,719155844;0,743447056;0,552631579;0,77006312;0,426047211;0,942694805;0,652087267;0,842807592;3994;3538;3244;3146;2833;2473;19228;461;44;1340;1384;2724;31176000;614000;560500;1111400;2599000;1245100;1707500;512000;0;2737200;31790000;1671900;3844100;536;58;7,992843952;14,47108726;14,04207064;11,66132024;0,200831025;0,918628809;0,831717452;0,790858726
LACS_EST;MARITIME;58;1;20;79;14;73;1754;1754;1650;1472;1480;1480;9590;1732;1582;1597;1311;1247;834;8303;17893;1753;1374;1391;1142;1150;857;1731;1231;1367;1016;973;732;1788;1740;1513;1449;1464;937;8043;1665;1644;1391;1304;1195;844;2548;1567;1921;1710;1646;763;732;384;1848;1655;1473;1143;82;83;84;78;79;75;78;80;76;74;74;72;105;43;50;29;42;60;370;156;;536;40;65;641;16154;1665;1644;12;77;89;24;2548;2572;6120000;995000;14433850;;;147500;21696350;166;23;189;0;0;0;93;12;105;90;24;114;303;408;75,17307586;79;17893;1;0;1;1;3;90,28111552;100;75,17307586;99,00990099;39,6039604;0,510955521;;0,303904466;0,491908299;16934;1,265822785;2,53164557;IEPP LACS EST;3;79;303;56;0;3176;0,754416449;0,81501182;0,743112948;0,771158736;0,59759308;12928;0,768456376;0,799425287;0,754791804;0,793650794;0,585382514;481;0,739339339;0,831508516;0,730409777;0,746165644;0,612552301;0,210561627;0,822500419;0,9719775;0,952712894;0,941570356;0,17721519;0,924050633;0,367088608;0,632911392;0,759493671;0,902811155;1;0,677359861;0,782900316;0,557782746;0,836193448;0,210561627;0,822500419;0,718150585;0,777833261;2642;2436;2439;2156;2008;1290;12971;267;40;9969;10156;20125;185900;184000;724150;694450;2409000;1026400;14910300;0;0;2756865;369900;1418600;3435400;349;59;8,018144407;12,92578563;15,77572016;11,48412698;0,191358025;0,791806958;0,939393939;0,767676768
LACS_OUEST;MARITIME;61;3;63;127;12;123;3130;2922;2833;2620;2632;2632;16769;3034;2868;2726;2434;2574;1872;15508;32277;3084;2464;2678;2201;2447;1833;2995;2444;2616;2038;2430;1667;2837;2840;2646;2486;2568;1811;14572;2756;2679;2484;2448;2455;1750;3579;1703;1957;1782;1753;820;1244;450;1926;1743;1676;1350;127;129;126;124;124;119;112;117;112;112;116;112;152;57;105;43;74;103;427;132;;890;43;55;988;29240;2756;2679;12;240;252;81;3579;3660;6542000;0;556000;;;0;7098000;203;44;247;1;0;1;81;12;93;272;86;358;606;699;43,34178082;127;32277;0;1;0;2;3;90,59082319;99,59677419;43,34178082;49,5049505;19,8019802;0,891532323;;0,669393097;0,699993924;29760;0,787401575;1,57480315;IEPP LACS OUEST;3;127;606;62;2;3380;0,877525478;0,959231745;0,826315789;0,988447507;0,696794744;18094;0,868523088;0,942957746;0,831821618;0,984312148;0,713785047;749;0,886792453;0,976483763;0,820450886;0,992647059;0,679022403;0,479057679;0,89528147;0,96645806;0,999506281;0,958496044;0,094488189;0,968503937;0,338582677;0,826771654;0,811023622;0,905908232;1;0,750999163;0,646013261;0,467431883;0,900809717;0,479057679;0,89528147;0,725541673;0,850652485;3370;3349;3114;2954;2992;2168;17947;389;83;1474;1457;2931;30000;196600;280950;671275;2736560;1195700;481000;120000;0;1713915;226600;952225;3932260;557;142;8,859072375;13,12427023;16,05722361;12,0955161;0,341117598;0,784264665;0,941061996;0,805115374
VO_NORD;MARITIME;106;2;21;129;0;118;2473;2315;2248;2192;2112;2112;13452;2426;2140;1997;2002;1908;1932;12405;25857;2473;1978;2232;1809;2072;1520;2426;1849;1981;1614;1879;1395;2617;2617;2323;2115;2323;2034;12350;2461;2097;1952;2101;1896;1843;3890;3064;3176;2938;2530;1403;3153;2654;3108;2654;2498;2125;130;129;129;129;129;129;126;126;126;127;125;126;395;283;95;7;116;73;331;248;;871;155;70;1096;24535;2461;2097;16;53;69;5;3890;3895;9265000;321000;657000;;;1200000;11443000;289;19;308;14;0;14;226;16;242;80;7;87;409;651;56,06839998;129;25857;0;1;2;0;3;94,88726457;95,65217391;56,06839998;73,34963325;29,3398533;1,267426454;;0,809318734;1,081405307;26379;0,775193798;1,550387597;IEPP VO NORD;3;129;409;107;0;2629;0,753643167;0,893720832;0,800701754;0,937144213;0,690922019;23001;0,755827283;0,852884983;0,778734395;0,979669031;0,654326302;775;0,751320601;0,94468288;0,826844262;0,89433603;0,735759494;0,349199721;0,898325405;0,93570909;0,833305954;0,999952851;0;0,914728682;0,054263566;0,736434109;0,565891473;0,948872646;1;0,632710678;0,752789586;0,716967765;0,794708029;0,349199721;0,898325405;0,672824023;0,767385533;4286;3941;3706;3679;3472;3500;22584;454;26;1645;1709;3354;12000;96500;816400;1109570;4244305;1936235;3242000;368000;0;2368085;108500;1925970;6180540;609;42;6,335315386;12,13545478;13,65586339;10,30637182;0,077626764;0,742550967;0,791949817;0,587820178
VO_SUD;MARITIME;119;2;57;178;27;168;3910;3515;3412;3373;3282;3282;20774;3642;3329;3310;3022;3030;2434;18767;39541;3910;3036;3412;2833;3282;2201;3642;2881;3310;2553;3030;1941;3670;3670;3314;3234;3260;3061;17727;3535;3245;2900;3019;2791;2237;5063;3107;2953;2827;2446;1420;2268;1447;2826;2690;2621;2026;178;178;178;178;178;178;172;172;171;171;172;172;472;303;96;46;99;130;625;346;;954;113;139;1206;35126;3535;3245;46;64;110;14;5063;5077;13417500;30000;1012000;;;1510000;15969500;343;41;384;7;2;9;212;24;236;111;16;127;520;756;44,45226663;178;39541;1;0;2;0;3;88,83437445;97,70992366;44,45226663;57,69230769;23,07692308;1,513588551;;0,878512773;1,076825047;37936;0,561797753;1,123595506;IEPP VO SUD;3;178;520;116;0;3510;0,821235253;0,97208966;0,866752494;1,009435471;0,684514956;27147;0,827247956;0,929700272;0,854858177;1,014842301;0,675153374;1068;0,814992928;1,020030817;0,880344828;1,003643591;0,69544966;0,478112955;0,91123138;0,891918276;0,881878127;0,971935439;0,151685393;0,943820225;0,258426966;0,539325843;0,730337079;0,888343744;1;0,526036266;0,624356054;0,486350096;0,791044776;0,478112955;0,91123138;0,659735473;0,795645605;5534;5063;4978;4672;4594;3694;28535;640;80;1944;2001;3945;57500;1874400;1895110;1761930;3974415;1518565;8927100;652000;0;4668875;1931900;3657040;5492980;673;83;7,412296101;11,74012508;13,96594982;10,65197185;0,135834979;0,70221637;0,83805135;0,638797454
YOTO_EST;MARITIME;102;1;27;130;27;118;2916;2817;2496;2507;2490;2490;15716;2778;2493;2439;2329;2450;1675;14164;29880;2916;2385;2472;2058;2451;1628;2775;2087;2411;1927;2411;1375;2899;2899;2662;2383;2484;2269;13681;2735;2450;2246;2424;2162;1664;4183;2123;2351;2360;2135;1016;2870;1840;2402;2277;2234;1536;131;131;132;133;132;130;127;127;128;128;125;123;362;217;29;14;108;52;211;174;;624;80;189;893;26597;2735;2450;40;74;114;12;4183;4195;10214000;3849800;19847050;;;99694495;133605345;254;24;278;1;0;1;259;37;296;93;15;108;387;683;59,28885654;130;29880;1;0;1;0;2;89,01271754;99,64157706;59,28885654;77,51937984;15,50387597;1,568194565;;0,984492508;1,375273416;29277;0,769230769;0,769230769;IEPP YOTO EST;2;130;387;101;28;2984;0,793752219;0,912880912;0,81193969;1,011441648;0,646362462;23343;0,822697482;0,85270783;0,77310293;1,02853546;0,655394525;789;0,763071298;0,984081633;0,857969724;0,994636964;0,635985199;0,384627037;0,900133869;0,983716712;0,89705693;0,96537407;0,207692308;0,907692308;0,107692308;0,223076923;0,4;0,890127175;1;0,518072289;0,586520947;0,544750787;0,698768197;0,384627037;0,900133869;0,590067418;0,801010418;4699;4391;4043;4027;4023;2973;24156;446;48;914;955;1869;1535700;848500;1332095;1169280;3643200;1769850;35229450;1821500;69288000;12254975;2384200;2501375;5413050;607;76;6,968919045;12,6352826;15,06500653;10,88854025;0,122551763;0,765528819;0,898992725;0,675153889
YOTO_OUEST;MARITIME;71;0;23;94;2;85;1960;1880;1751;1777;1585;1585;10538;1643;1680;1572;1591;1479;1126;9091;19629;1960;1640;1751;1501;1584;1209;1643;1459;1572;1346;1477;941;2118;2118;1934;1689;1697;1628;9278;1960;1658;1544;1658;1344;1114;2571;1421;1486;1399;1243;725;1304;631;1326;1185;1122;1031;95;96;95;96;95;92;95;95;93;93;90;89;252;173;18;7;75;26;133;170;;392;39;142;573;16108;1960;1658;29;74;103;15;2571;2586;7782000;11000;3514200;;;266000;11573200;164;28;192;8;0;8;128;29;157;102;17;119;319;476;73,44083342;94;19629;1;0;1;0;2;82,06225483;96;73,44083342;94,04388715;18,80877743;1,306140431;;0,851856234;1,024604754;20462;1,063829787;1,063829787;IEPP YOTO OUEST;2;94;319;63;2;1546;0,759931339;0,88003178;0,818573893;0,914550344;0,707004275;14697;0,774315392;0,826723324;0,776111686;0,937833037;0,712433707;569;0,744387755;0,948130277;0,871761658;0,890832328;0,70014881;0,353964948;0,921238983;0,913809851;0,86500968;0,986089137;0,021276596;0,904255319;0,074468085;0,191489362;0,276595745;0,820622548;1;0,650058587;0,608112754;0,453695428;0,684118674;0,353964948;0,921238983;0,553724425;0,787008107;2766;2757;2409;2537;2187;1889;14545;310;54;1299;1306;2605;220500;337000;1238600;696800;1960500;1226200;7520800;0;0;16819150;557500;1935400;3186700;402;74;7,682908384;12,04245895;13,82829156;10,90222558;0,196197061;0,739412273;0,832757131;0,681936041
ZIO_CENTRE;MARITIME;82;0;50;132;56;118;2764;2562;2524;2237;2269;2269;14625;2645;2521;2330;2315;2076;1804;13691;28316;2763;2208;2505;1876;2217;1576;2644;2202;2305;1994;2037;1517;2678;2678;2560;2247;2383;2158;13344;2651;2402;2239;2187;1982;1883;4484;1504;1979;1827;2281;1176;1464;511;1943;1813;1766;1572;140;140;140;138;136;130;138;137;136;135;132;124;283;144;40;30;79;57;227;296;;744;13;159;916;25575;2651;2402;5;219;224;58;4484;4542;7240000;0;0;;;0;7240000;236;98;334;5;2;7;38;5;43;253;67;320;661;704;50,23413136;132;28316;0;1;1;0;2;90,31996045;97,94721408;50,23413136;45,38577912;9,077155825;1,345103699;;0,817035392;1,19979785;28048;0,757575758;0,757575758;IEPP ZIO CENTRE;2;132;661;75;0;2472;0,827547382;0,946850394;0,806418004;0,959404601;0,708591065;17795;0,824495892;0,935399552;0,7328125;0,986648865;0,661351238;824;0,830629951;0,959616986;0,89057615;0,931412894;0,765388496;0,429567995;0,912699534;0,938199943;0,728739925;0,969014695;0,424242424;0,893939394;0,227272727;0,303030303;0,431818182;0,903199604;1;0,933747704;0,742228197;0,507981852;0,812227074;0,429567995;0,912699534;0,679929967;0,777667085;3529;3239;3129;2961;2755;2240;17853;429;137;1448;1465;2913;0;108000;224900;775300;2399325;948810;52000;0;0;3025065;108000;1000200;3348135;532;172;8,093098443;10,98713381;14,90863904;10,99597519;0,245975191;0,645288994;0,880443389;0,687780417
ZIO_NORD;MARITIME;117;4;14;135;0;108;2480;2145;1920;1893;1819;1819;12076;2353;2057;1898;1863;1764;1449;11384;23460;2480;1837;1920;1597;1819;1475;2353;1789;1898;1600;1764;1277;2677;2677;2260;1959;2077;1980;11756;2485;2156;1941;2034;1804;1336;3879;2677;2564;2382;1975;1073;1968;1136;2452;2280;2009;1631;143;144;139;138;135;132;142;139;136;134;131;125;305;170;16;4;59;49;221;316;;480;16;343;839;20133;2485;2156;17;53;70;10;3879;3889;10985500;0;0;;;6890000;17875500;329;34;363;12;2;14;209;17;226;65;12;77;454;680;66,62816776;135;23460;1;0;1;0;2;85,81841432;96,28647215;66,62816776;66,07929515;13,21585903;1,342883784;;0,843649169;1,192206256;25386;0,740740741;0,740740741;IEPP ZIO NORD;2;135;454;116;1;1651;0,702440914;0,789985516;0,761009284;0,897320311;0,709095594;21756;0,686215913;0,71722077;0,706637168;0,928534967;0,710158883;831;0,719919517;0,880333952;0,824317362;0,867256637;0,707871397;0,268702166;0,929624893;0,93251246;0,715049428;0,982148109;0;0,8;0,02962963;0,118518519;0,362962963;0,858184143;1;0,774083546;0,703544316;0,554905469;0,572109654;0,268702166;0,929624893;0,561400247;0,761098689;4343;3740;3393;3361;3148;2696;20681;495;47;1245;1263;2508;420000;13780000;504400;803500;4342025;1665825;814000;25000;0;3246100;14200000;1307900;6007850;615;65;8,296703624;12,1815093;14,04393181;11,12173002;0,233547926;0,771816881;0,848354793;0,738555079
ZIO_SUD;MARITIME;77;2;158;237;0;222;5604;5032;4702;4314;4085;4085;27822;5154;4890;4484;4164;3822;3098;25612;53434;5328;4434;4361;3714;3776;2980;4944;4396;4228;3632;3520;2760;4835;4835;4312;3913;3767;3527;21852;4567;3851;3694;3502;3296;2942;5714;2626;2519;2547;2219;1094;3135;1400;2437;2381;1940;1369;253;253;252;246;249;235;219;213;217;213;211;206;287;101;90;44;127;118;461;466;;1200;55;253;1508;47651;4567;3851;204;0;204;0;5714;5714;11195000;50000;70000;;;3531600;14846600;263;94;357;4;1;5;55;9;64;66;12;78;440;504;66,20863757;237;53434;1;0;1;1;3;89,17730284;98,61878453;66,20863757;68,18181818;27,27272727;4,626922529;;2,863358559;2,850388642;47041;0,421940928;0,843881857;IEPP ZIO SUD;3;237;440;72;0;5361;0,93916188;0,988832604;0,917561829;0,98395145;0,812685828;21459;0,917063082;0,90196484;0,861317254;0,9649885;0,791080435;1488;0,962557478;1,09789665;0,983216026;1,00513992;0,837378641;0,681388703;0,899670622;0,951816526;0,621883832;0,96420319;0;0,936708861;0,185654008;0,379746835;0,497890295;0,891773028;1;0,329378298;0,745684849;0,564738415;0,795755968;0,681388703;0,899670622;0,609459867;0,817993041;4565;4197;3921;3773;3279;2686;22421;554;156;8902;9649;18551;15000;48000;275700;638050;3663750;1132450;2169600;30000;0;2705000;63000;913750;4796200;388;116;9,968715576;11,22083609;15,46508041;11,90087102;0,499008592;0,651850628;0,903172505;0,788995373
AGOU;PLATEAUX;119;9;41;169;11;146;2441;2206;2183;2064;2121;2121;13136;2313;1989;1833;1884;1888;1434;11341;24477;2441;2022;2146;1834;2102;1591;2313;1863;1811;1692;1873;1330;2511;2511;2165;2118;2154;2069;11262;2227;1897;1846;1955;1832;1505;2296;1795;1835;1685;1663;1084;661;922;1770;1610;1438;1308;164;164;166;164;165;161;161;161;160;161;161;160;320;345;43;22;112;56;310;628;;681;18;144;843;22884;2227;1897;29;32;61;5;2296;2301;10740000;0;0;;;3294000;14034000;322;32;354;10;0;10;130;13;143;74;9;83;447;590;55,17485305;169;24477;0;1;1;0;2;93,49184949;97,25274725;55,17485305;67,11409396;13,42281879;1,900909398;;1,625587143;1,280546394;24790;0,591715976;0,591715976;IEPP AGOU;2;169;447;122;0;1459;0,81996623;0,897686025;0,879082523;0,975939111;0,732814852;19805;0,80525687;0,854639586;0,847113164;0,992445703;0,738625812;984;0,836551414;0,954665261;0,916576381;0,958056266;0,725982533;0,462771988;0,940393022;0,954494449;0,839383647;0,962842068;0,065088757;0,863905325;0,130177515;0,25443787;0,331360947;0,934918495;1;0,730481677;0,529387713;0,393999796;0,807829181;0,462771988;0,940393022;0,584509562;0,825183739;3845;3421;3279;3267;3237;2517;19566;478;52;770;842;1612;0;38000;328800;1151438;4718462;3820100;163500;0;0;3979650;38000;1480238;8538562;536;54;9,123459168;11,91072804;15,21077298;11,74159421;0,376348228;0,73844376;0,897919877;0,791217257
AKEBOU;PLATEAUX;82;9;12;103;5;92;2268;1754;1627;1423;1435;1435;9942;2192;1631;1485;1349;1223;949;8829;18771;2265;1623;1579;1414;1415;772;2190;1508;1434;1343;1207;714;2317;2317;1722;1544;1466;1235;8405;2154;1534;1446;1253;1172;846;4205;6355;1777;1269;873;383;3104;1082;778;604;283;165;108;105;105;104;102;101;107;103;101;99;95;94;278;257;3;4;13;18;101;148;;210;16;372;598;10091;2154;1534;19;0;19;0;4205;4205;6915000;0;395500;;;1545000;8855500;208;19;227;22;3;25;235;14;249;14;3;17;269;518;57,03697839;103;18771;1;0;1;0;2;53,75845719;90,07936508;57,03697839;100;22,30483271;2,072495818;;0,999304455;2,827776066;19006;0,970873786;0,970873786;IEPP AKEBOU;2;103;269;80;21;1307;0,700290763;0,782394183;0,870265152;0,937432964;0,563305534;15881;0,700474752;0,681484678;0,821138211;0,916450777;0,526603001;625;0,700092851;0,934810952;0,928769018;0,963288109;0,609215017;0,251790792;0,930371317;0,836085908;0,530326544;0,959128596;0,048543689;0,893203883;0,038834951;0,029126214;0,174757282;0,537584572;1;0,573224655;0,730197716;0,369397028;0,351170569;0,251790792;0,930371317;0,470569517;0,670266555;4016;3056;2800;2454;2314;1646;16286;389;36;773;863;1636;5000;311500;1879100;964900;3133000;969000;100000;207000;0;2007500;316500;2844000;4102000;479;39;5,928115714;11,81463031;12,60522636;9,684807851;0,047194546;0,768746723;0,773466177;0,513896172
AMOU_NORD;PLATEAUX;81;2;10;93;2;84;1696;1326;1238;1036;1118;1118;7532;1606;1234;1214;1058;1023;827;6962;14494;1696;1095;1131;827;991;700;1606;1046;1116;838;898;642;1658;1658;1294;1123;1102;1108;6777;1603;1185;1127;1011;1043;808;2660;2205;1616;1537;1366;771;1007;866;1498;1266;1107;927;95;94;94;92;93;90;94;92;92;91;91;91;204;113;34;21;46;46;200;245;;365;12;140;517;12471;1603;1185;16;27;43;9;2660;2669;5175045;0;7000;;;125000;5307045;240;41;281;6;1;7;84;16;100;38;13;51;339;439;76,1212604;93;14494;1;0;1;1;3;86,04250034;97,56944444;76,1212604;88,49557522;35,39823009;2,024311621;;1,093209442;2,174199701;14720;1,075268817;2,150537634;IEPP AMOU NORD;3;93;339;79;0;1908;0,656547071;0,790362293;0,687732342;0,885192127;0,625641026;12229;0,660434258;0,682147165;0,639103555;0,882457703;0,635208711;558;0,652526513;0,941772152;0,743566992;0,888229476;0,615532119;0,197639748;0,868359321;0,914916691;0,646024872;0,96853879;0,021505376;0,903225806;0,225806452;0,365591398;0,494623656;0,860425003;1;0,935559542;0,817962143;0,53733387;0,705996132;0,197639748;0,868359321;0,653643652;0,700028584;2872;2213;2134;1847;1857;1492;12415;300;56;893;922;1815;0;153000;158000;263000;2879600;714100;191000;1262500;145000;1177800;153000;421000;3593700;368;71;7,074828935;11,09648094;14,27096774;10,48816506;0,124340176;0,639882698;0,832844575;0,604692082
AMOU_SUD;PLATEAUX;68;0;12;80;6;58;1547;1270;1239;1081;1112;1112;7361;1451;1189;1082;1110;1045;847;6724;14085;1536;1094;1234;920;1099;768;1443;1043;1076;970;1034;699;1558;1558;1308;1172;1204;1074;6927;1529;1205;1165;1110;1075;843;2798;1639;1767;1673;1405;837;2064;1024;1804;1638;1297;1025;83;80;80;80;79;79;80;80;79;79;79;79;241;136;23;6;52;33;159;220;;348;36;121;505;11828;1529;1205;16;0;16;0;2798;2798;4666000;0;565500;;;448000;5679500;231;28;259;15;1;16;34;7;41;20;3;23;298;339;70,77414979;80;14085;1;0;1;1;3;83,97586084;94,18181818;70,77414979;100;40,26845638;2,835838822;;1,87171515;3,569910696;14801;1,25;2,5;IEPP AMOU SUD;3;80;298;66;0;1169;0,692257856;0,836047774;0,764253943;0,934706398;0,643703379;12491;0,702182285;0,792041078;0,703363914;0,937713311;0,637873754;481;0,682145193;0,892946058;0,832618026;0,931531532;0,650232558;0,266132357;0,917003905;0,913584012;0,76167262;0,969743237;0,075;0,725;0,075;0,2875;0,4125;0,839758608;1;0,84629038;0,840378706;0,735154887;0,689108911;0,266132357;0,917003905;0,622292473;0,756182585;2563;2126;1991;1906;1881;1574;12041;307;44;1770;2106;3876;310000;485400;660000;821415;1928185;1476700;3205000;516000;5000;1763500;795400;1481415;3404885;300;39;7,347894639;12,88717307;14,40697459;10,98469672;0,165831942;0,842515303;0,859209794;0,708959377
ANIE;PLATEAUX;127;15;25;167;45;134;4894;3525;3132;2723;2610;2610;19494;5756;3480;2873;2507;2240;1705;18561;38055;4873;2933;2672;2296;2210;1685;5738;2932;2405;2091;1859;1447;5086;5086;3658;3109;2898;2542;17195;4578;3269;2859;2622;2255;1612;6129;2703;3453;4920;1877;809;4606;2780;3015;2666;2028;1239;198;180;175;164;162;156;163;163;160;159;153;147;521;325;33;14;101;36;138;204;;427;32;573;1032;18166;4578;3269;34;104;138;28;6129;6157;10770000;600000;1461507;;;10846101;23677608;325;49;374;4;0;4;385;34;419;108;29;137;515;934;64,83211501;167;38055;1;0;1;0;2;47,73617133;98,94179894;64,83211501;58,25242718;11,65048544;2,505747746;;1,076698235;2,116612718;39574;0,598802395;0,598802395;IEPP ANIE;2;167;515;125;4;4914;0,606891556;0,607660084;0,673162498;0,709998255;0,607801281;31684;0,576681085;0,525363744;0,627665391;0,710839498;0,581435473;1035;0,640454347;0,735698991;0,731374607;0,709000763;0,641685144;0,107129878;0,870871108;0,911430585;0,501302835;0,963526408;0,269461078;0,80239521;0,083832335;0,19760479;0,215568862;0,477361713;1;0,541321771;0,613314011;0,503638382;0,41375969;0,107129878;0,870871108;0,508972986;0,673708967;9508;6077;5193;4511;4108;3035;32432;582;83;1099;1074;2173;1047500;1056100;1699907;1557000;5160918;5117317;7161650;362000;0;2819310;2103600;3256907;10278235;822;112;7,553851397;12,7477359;14,50384653;11,01060056;0,18609407;0,809231668;0,861524978;0,687992989
DANYI;PLATEAUX;49;6;21;76;4;71;823;747;701;700;725;725;4421;744;659;620;673;600;495;3791;8212;823;649;701;595;725;586;744;579;620;567;600;450;835;835;812;714;781;736;3915;817;712;651;654;572;509;1466;368;637;627;561;508;573;143;412;462;377;389;76;74;75;75;75;75;76;74;76;75;75;74;194;50;4;4;16;24;126;378;;286;30;45;361;8079;817;712;8;0;8;0;1466;1466;2454500;0;0;;;425000;2879500;121;16;137;10;2;12;31;3;34;26;2;28;177;211;67,16848015;76;8212;1;0;1;0;2;98,3804189;91,94630872;67,16848015;100;33,89830508;1,37423113;;1,218033468;1,7235879;8628;1,315789474;1,315789474;IEPP DANYI;2;76;177;51;0;573;0,743341404;0,853910795;0,794258373;0,968567251;0,765705839;6182;0,777245509;0,839520958;0,732758621;1,015406162;0,750320102;450;0,70869033;0,870786517;0,870967742;0,917431193;0,786713287;0,373899057;0,930224062;0,954653938;0,939024269;0,982509994;0,052631579;0,934210526;0,052631579;0,052631579;0,315789474;0,983804189;1;0,862152947;0,702461227;0,397167903;0,792243767;0,373899057;0,930224062;0,588765655;0,832735503;1174;1022;942;1013;955;826;5932;206;25;1233;1402;2635;0;107800;268000;379000;2929940;1419780;2920000;323500;139000;1227030;107800;647000;4349720;188;23;8,131567797;14,11313559;14,91031073;11,8996368;0,245762712;0,930508475;0,900847458;0,816101695
EST_MONO;PLATEAUX;132;12;13;157;9;131;3868;3263;2866;2545;2383;2383;17308;3914;3159;2688;2430;2326;2138;16655;33963;3868;2940;2857;2327;2381;2084;3914;2905;2683;2211;2320;1909;3863;3863;3276;2648;2613;2345;16023;3821;3121;2567;2572;2168;1774;6274;3358;3476;3308;2814;1710;4092;2502;3123;3022;2808;2180;172;170;161;158;153;148;167;159;150;153;144;140;417;243;86;6;73;85;494;294;;673;47;389;1109;26308;3821;3121;25;49;74;7;6274;6281;13083090;9382900;5420000;;;23054997;50940987;345;24;369;55;1;56;309;25;334;51;8;59;484;818;68,06233566;157;33963;1;0;1;0;2;77,46076613;86,82352941;68,06233566;61,98347107;12,39669421;1,840596382;;1,390631398;2,18746702;34631;0,636942675;0,636942675;IEPP EST MONO;2;157;484;130;10;1564;0,760671525;0,793241695;0,776655827;0,900574713;0,835180924;30470;0,761066529;0,739580637;0,71031746;0,899169184;0,797550708;962;0,76027218;0,859660365;0,861316712;0,902021773;0,880535055;0,352477673;0,953949887;0,884435653;0,641265412;0,993357591;0,057324841;0,834394904;0,038216561;0,547770701;0,541401274;0,774607661;1;0,570032094;0,666348449;0,564105012;0,606853021;0,352477673;0,953949887;0,589107484;0,763285013;7305;6025;5144;4618;4334;3999;31425;620;51;908;916;1824;208000;295000;2277375;1842750;13218130;7690113;11147400;1830500;8761900;4509315;503000;4120125;20908243;760;58;9,241178282;13,20155755;13,01689546;11,4784564;0,359820486;0,863252376;0,764255544;0,754223865
HAHO_EST;PLATEAUX;53;4;15;72;0;64;1981;1548;1346;1124;1065;1065;8129;1752;1363;1263;1100;962;698;7138;15267;1981;1330;1320;989;1033;683;1752;1190;1238;959;933;584;1999;1999;1594;1280;1219;1013;6905;1723;1410;1153;1079;872;668;2579;813;753;748;593;390;990;330;696;621;533;364;77;75;74;70;70;69;80;74;71;70;71;69;191;150;5;3;23;16;71;158;;213;0;206;419;11412;1723;1410;27;36;63;6;2579;2585;5350000;4107530;17168275;;;54061121;80686926;114;5;119;2;0;2;136;20;156;42;6;48;169;325;78,29232418;72;15267;1;0;1;0;2;74,74945962;98,34710744;78,29232418;100;35,50295858;1,589517521;;0,804732178;1,641856891;16009;1,388888889;1,388888889;IEPP HAHO EST;2;72;169;56;0;1275;0,677055347;0,750366676;0,709137241;0,833403985;0,605930177;11608;0,665332666;0,660330165;0,620451694;0,80703125;0,560295324;435;0,690655833;0,878014184;0,831743278;0,864689527;0,669724771;0,18193077;0,91648654;0,850042084;0,421993956;0,96779958;0;0,888888889;0,041666667;0,069444444;0,222222222;0,747494596;1;0,442785092;0,498515313;0,299821838;0,508353222;0,18193077;0,91648654;0,475221946;0,670161046;3020;2379;2092;1757;1498;1041;11787;238;25;509;567;1076;2255620;15517150;578265;740200;6303349;2600295;14587205;520000;30313770;5240759;17772770;1318465;8903644;294;31;7,973377097;12,404814;13,67687819;10,97845681;0,245805981;0,785557987;0,783369803;0,682713348
HAHO_NORD;PLATEAUX;46;0;10;56;0;49;1093;923;878;803;788;788;5273;1057;870;832;799;711;661;4930;10203;1090;772;852;696;777;635;1053;754;810;668;695;536;1055;1055;972;908;857;765;4851;997;890;791;806;684;683;1662;788;799;806;640;390;1076;520;819;803;644;586;57;57;58;56;56;56;58;56;56;56;56;56;161;94;12;3;40;23;114;120;;236;22;157;415;8517;997;890;10;0;10;0;1662;1662;4685001;0;8815750;;;902000;14402751;129;14;143;5;0;5;80;6;86;17;3;20;168;254;64,30901724;56;10203;1;0;1;0;2;83,4754484;96,62162162;64,30901724;100;35,71428571;1,629908875;;1,280368355;1,817226478;10463;1,785714286;1,785714286;IEPP HAHO NORD;2;56;168;45;1;865;0,743664717;0,854498715;0,773681225;0,858809802;0,759896171;8591;0,731753555;0,807582938;0,716049383;0,855726872;0,740956826;340;0,756268806;0,91011236;0,844500632;0,862282878;0,783625731;0,320849892;0,915221013;0,909625876;0,683114328;0,998303102;0;0,875;0,053571429;0,214285714;0,410714286;0,834754484;1;0,658629815;0,598869391;0,523848781;0,568674699;0,320849892;0,915221013;0,558713735;0,748925584;1814;1498;1449;1337;1218;1175;8491;223;21;474;465;939;92000;3186500;524845;747825;1769320;1392610;10482900;440000;0;1355942;3278500;1272670;3161930;231;23;7,365563893;12,17803547;14,28035471;10,7700497;0,154843111;0,763983629;0,840381992;0,666439291
HAHO_SUD;PLATEAUX;148;8;35;191;45;154;5011;4090;4239;3435;3531;3531;23837;4828;3932;4034;3417;3335;2266;21812;45649;4945;3497;3609;2925;2959;2298;4776;3354;3458;2945;2801;1956;4884;4884;4133;3662;3512;3317;20555;4599;4044;3539;3359;3013;2001;6683;2039;2294;2218;1724;792;4746;1062;2116;1981;1561;1063;226;213;216;204;199;186;206;203;194;197;189;177;456;240;40;14;127;79;376;246;;689;22;630;1341;32085;4599;4044;91;66;157;31;6683;6714;13332000;2663800;27371865;;;53405051;96772716;432;80;512;14;1;15;361;73;434;89;39;128;655;1089;75,24046244;191;45649;1;0;1;0;2;70,28631514;97,15370019;75,24046244;45,80152672;9,160305344;1,856229552;;1,156083305;1,824622311;44947;0,523560209;0,523560209;IEPP HAHO SUD;2;191;655;142;9;6126;0,722450701;0,791554659;0,765119917;0,820395955;0,651954023;37536;0,716011466;0,738943489;0,707718364;0,8080284;0,654328018;1244;0,729288976;0,855093966;0,832155976;0,833879131;0,649186857;0,234023308;0,865802099;0,944306848;0,704730001;0,959780554;0,235602094;0,806282723;0,073298429;0,209424084;0,413612565;0,702863151;1;0,573944665;0,39964476;0,317914235;0,513795675;0,234023308;0,865802099;0,518159949;0,738592696;8822;7101;7285;6016;6000;4186;39410;775;160;13818;15189;29007;27066400;5488500;1517350;2573150;11339921;5658270;30825350;1902000;16636200;8283970;32554900;4090500;16998191;896;193;7,739802458;12,84912916;14,78406092;11,2267425;0,164216241;0,807735806;0,868581769;0,722913368
KLOTO_EST;PLATEAUX;66;0;37;103;66;95;1786;1732;1719;1549;1599;1599;9984;1815;1690;1693;1642;1574;1186;9600;19584;1784;1517;1689;1340;1534;1078;1815;1514;1667;1421;1509;1104;1789;1789;1658;1577;1603;1507;9364;1748;1680;1586;1649;1547;1154;1824;818;884;859;834;453;620;339;913;773;738;674;106;107;107;105;101;99;101;103;98;101;99;95;199;120;60;36;48;69;323;148;;533;55;129;717;18608;1748;1680;39;91;130;18;1824;1842;5324000;155000;322250;;;1182000;6983250;221;83;304;5;3;8;48;18;66;122;24;146;458;524;59,94578349;103;19584;1;0;2;0;3;95,01633987;97,43589744;59,94578349;65,50218341;26,20087336;1,369542993;;1,027787556;0,867637341;19287;0,970873786;1,941747573;IEPP KLOTO EST;3;103;458;66;1;1612;0,85694091;0,967425771;0,851109741;0,943273404;0,692698413;13271;0,847959754;0,944102851;0,808202654;0,972733037;0,672489083;625;0,866132723;0,992261905;0,895964691;0,915100061;0,713639302;0,461037097;0,917687908;0,975520367;0,841675571;0,952167987;0,640776699;0,922330097;0,349514563;0,582524272;0,669902913;0,950163399;1;0,935457516;0,423473197;0,302896819;0,743375174;0,461037097;0,917687908;0,707897802;0,834018882;2518;2402;2410;2244;2227;1593;13394;355;128;1191;1286;2477;1300000;994000;1053600;741525;2199150;1123100;4339250;7318000;28000;4932535;2294000;1795125;3322250;396;128;9,830868494;12,37570683;16,78265913;12,43789225;0,487168334;0,752936059;0,944758591;0,856024358
KLOTO_OUEST;PLATEAUX;56;0;33;89;35;80;1375;1279;1266;1218;1264;1264;7666;1321;1218;1260;1156;1224;890;7069;14735;1375;1208;1245;1139;1220;822;1321;1164;1241;1105;1189;869;1397;1397;1217;1258;1242;1156;6777;1274;1172;1164;1197;1200;770;2527;686;1007;918;818;490;1119;397;846;750;722;653;88;88;89;89;87;84;86;86;87;87;84;79;196;120;49;24;51;48;230;254;;429;20;80;529;14254;1274;1172;44;4;48;0;2527;2527;3875090;0;265000;;;344500;4484590;199;40;239;4;1;5;50;19;69;49;16;65;309;378;53,45002748;89;14735;1;0;1;1;3;96,73566339;97,95081967;53,45002748;97,08737864;38,83495146;2,566438894;;2,157512147;3,224147365;14444;1,123595506;2,247191011;IEPP KLOTO OUEST;3;89;309;54;1;837;0,888056908;0,967691709;0,942461151;0,981262729;0,692465192;9302;0,864710093;0,891195419;0,93590797;0,969793323;0,661835749;525;0,913657771;1,05887372;0,949312715;0,993316625;0,724166667;0,550331695;0,943196471;0,983967964;0,700717197;0,938186203;0,393258427;0,898876404;0,269662921;0,550561798;0,539325843;0,967356634;1;0,838819138;0,682044228;0,474764575;0,810964083;0,550331695;0,943196471;0,700428521;0,834782931;1762;1694;1674;1608;1649;1064;9451;319;87;1537;1817;3354;130800;253500;668325;653100;2858470;906530;614400;0;0;1701925;384300;1321425;3765000;302;76;9,362815696;14,11396368;17,19964517;12,85271491;0,404508453;0,896681277;0,9661866;0,892298059
KPELE;PLATEAUX;100;0;19;119;19;94;2226;1769;1765;1603;1561;1561;10485;2374;1643;1624;1397;1503;1020;9561;20046;2209;1491;1742;1351;1537;1040;2355;1412;1609;1179;1483;916;2221;2221;1915;1745;1637;1527;9585;2116;1744;1643;1593;1414;1075;3257;1593;1796;1687;1298;814;1764;816;1673;1437;1159;932;119;119;119;119;118;117;119;119;119;118;116;116;367;271;36;16;64;37;190;350;;533;77;233;843;14800;2116;1744;22;5;27;1;3257;3258;6435000;8682866;226200;;;925000;16269066;293;35;328;8;1;9;111;14;125;26;6;32;369;494;83,01416437;119;20046;1;0;1;0;2;73,83019056;97,32937685;83,01416437;81,30081301;16,2601626;1,05021742;;0,595337239;0,991620003;20851;0,840336134;0,840336134;IEPP KPELE;2;119;369;96;0;1722;0,669356698;0,845145019;0,711073637;0,904733373;0,641101278;17103;0,671319226;0,784331382;0,705483029;0,880802292;0,635308491;711;0,667296786;0,922591743;0,717589775;0,930947897;0,647807638;0,233319309;0,914097576;0,953859155;0,78019303;0,954239488;0,159663866;0,789915966;0,134453782;0,302521008;0,31092437;0,738301906;1;0,736306495;0,618999644;0,461123622;0,632265718;0,233319309;0,914097576;0,571480845;0,778287647;4036;2984;2880;2553;2590;1831;16874;389;52;802;830;1632;120000;383700;1264850;1357500;5309861;3857950;5284850;1320800;0;10945300;503700;2622350;9167811;438;56;9,023673811;12,79651163;16,17821857;12,1391766;0,364341085;0,805745554;0,939352485;0,834017328
MOYEN_MONO;PLATEAUX;64;6;23;93;9;91;2305;1730;1630;1487;1323;1323;9798;2135;1642;1493;1310;1211;1006;8797;18595;2305;1593;1627;1361;1319;1028;2135;1532;1492;1188;1209;823;2409;2409;1737;1552;1473;1431;8765;2178;1621;1374;1277;1202;1113;2779;2810;2663;2528;2011;921;2993;3236;2556;2336;1789;1429;97;96;97;94;93;94;98;94;91;92;91;92;254;150;37;8;66;44;266;285;;384;3;194;581;15618;2178;1621;37;0;37;0;2779;2779;3980000;75000;0;;;4213294;8268294;173;14;187;3;0;3;105;27;132;50;3;53;243;375;72,68548727;93;18595;1;0;1;0;2;83,99031998;98,42105263;72,68548727;100;24,69135802;1,513758478;;0,932457937;1,399946303;19776;1,075268817;1,075268817;IEPP MOYEN MONO;2;93;243;66;7;983;0,681273163;0,773945409;0,819350691;0,893601979;0,691962617;14808;0,661270237;0,675383977;0,78353483;0,849871134;0,697895451;571;0,703397612;0,920419494;0,864628821;0,946750196;0,68469218;0,267133398;0,947136327;0,928578334;0,571984559;0,989345088;0,096774194;0,978494624;0,086021505;0,397849462;0,47311828;0,8399032;1;0,522721162;0,940337402;0,983335619;0,660929432;0,267133398;0,947136327;0,663641284;0,735546162;3592;2694;2465;2252;1935;1644;14582;300;35;1070;1198;2268;430910;244500;1216000;753600;2444325;1266170;576000;250000;0;1259283;675410;1969600;3710495;331;44;8,86584712;10,5167739;13,44715074;10,85729057;0,328584559;0,604319853;0,817095588;0,709099265
OGOU;PLATEAUX;151;3;66;220;72;195;5245;4575;4351;3950;4078;4078;26277;4935;4455;4328;3908;4082;3139;24847;51124;4867;3959;3948;3479;3657;3025;4611;3895;3950;3401;3659;2791;5124;5124;4472;4153;4045;3783;24109;4993;4293;4172;4028;3668;2955;8425;5102;5080;4515;3955;1709;2674;1003;4879;4305;3902;2976;216;218;218;217;216;210;209;210;208;206;203;204;530;285;74;50;145;83;411;485;;996;64;364;1424;38718;4993;4293;46;72;118;24;8425;8449;22550880;1132421;619000;;;32820018;57122319;481;122;603;13;4;17;122;16;138;145;42;187;807;945;41,88890107;220;51124;1;0;1;1;3;75,73351068;97,25806452;41,88890107;37,17472119;14,86988848;1,549655736;;1,303197456;1,893176635;50810;0,454545455;0,909090909;IEPP OGOU;3;220;807;149;5;5882;0,77631709;0,838695975;0,795927811;0,894267204;0,754051601;37306;0,772638564;0,770491803;0,777951699;0,880568264;0,747836836;1295;0,780092129;0,920102492;0,815196548;0,908391261;0,760905125;0,349450573;0,884946405;0,954322475;0,754082787;0,972200312;0,327272727;0,886363636;0,227272727;0,336363636;0,377272727;0,757335107;1;0,631405993;0,747630055;0,512661351;0,699438202;0,349450573;0,884946405;0,622966401;0,784812325;7839;6787;6591;6047;6271;4968;38503;742;172;1157;1264;2421;1346440;1983150;6342860;3424290;29488396;7217400;9340500;790630;5610380;10670108;3329590;9767150;36705796;761;184;8,362887921;14,3551574;15,44884461;12,05222586;0,296718017;0,894675151;0,895177495;0,7938714
WAWA_EST;PLATEAUX;66;3;4;73;0;73;1189;1067;1040;964;914;914;6088;1171;1002;933;878;848;786;5618;11706;1189;957;1040;864;914;717;1171;926;933;797;848;731;1236;1236;1043;1021;994;887;5620;1141;1006;925;912;942;694;1952;1597;1798;1387;1128;657;2091;2235;1560;1465;1049;778;73;73;73;72;72;71;73;73;73;73;71;71;256;169;4;1;26;24;59;0;;194;59;95;348;10059;1141;1006;7;0;7;0;1952;1952;6046000;678000;1576950;;;6798660;15099610;212;21;233;0;0;0;52;5;57;8;6;14;247;304;62,57090101;73;11706;1;0;1;0;2;85,93029216;100;62,57090101;100;24,29149798;1,419469351;;1,226328075;1,653171548;12037;1,369863014;1,369863014;IEPP WAWA EST;2;73;247;69;1;619;0,792175011;0,880017841;0,844004065;0,911536472;0,747933884;11125;0,774271845;0,841423948;0,828379674;0,895200784;0,721327968;434;0,811568799;0,927435388;0,861621622;0,929824561;0,776008493;0,401138561;0,947121134;0,9849825;0,744728394;0,969741182;0;1;0,01369863;0,054794521;0,328767123;0,859302922;1;0,844011618;0,769626886;0,814165688;0,557471264;0,401138561;0,947121134;0,603486554;0,808736819;2245;1966;1904;1767;1693;1494;11069;263;34;1686;1796;3482;30000;96050;326750;429500;1436000;1372800;1068000;10000;6673660;1660150;126050;756250;2808800;272;32;9,003347184;14,03878116;14,66920591;12,05688564;0,39265928;0,930747922;0,869806094;0,804709141
WAWA_OUEST;PLATEAUX;83;3;19;105;9;92;1934;1590;1399;1397;1265;1265;8850;1864;1511;1341;1342;1238;1135;8431;17281;1934;1359;1399;1207;1265;1023;1864;1290;1341;1173;1238;899;1873;1873;1612;1474;1418;1377;8538;1886;1559;1337;1415;1217;1124;2057;1515;1658;1370;1078;660;1235;881;1491;1338;1116;986;108;108;107;105;106;106;107;107;105;106;106;106;320;208;24;14;46;30;141;366;;245;124;108;477;11470;1886;1559;31;12;43;4;2057;2061;8750000;0;0;;;375000;9125000;221;15;236;5;0;5;107;25;132;44;10;54;295;0;72,0633945;105;17281;1;0;1;0;2;66,37347376;97,9253112;72,0633945;100;20,33898305;2,452996679;;1,670192443;1,790981595;18165;0,952380952;0,952380952;IEPP WAWA OUEST;2;105;295;84;1;1289;0,704708699;0,798368298;0,807053238;0,866389754;0,729411765;14169;0,725573946;0,746930059;0,748759305;0,858208955;0,721438646;640;0,683987275;0,860166774;0,877337322;0,874911661;0,738701726;0,286946659;0,925409409;0,910371075;0,75312261;0,999281165;0,085714286;0,876190476;0,133333333;0,228571429;0,285714286;0,663734738;1;0,682830855;0,598134864;0,505523673;0,513626834;0,286946659;0,925409409;0,546052324;0,749326448;3088;2548;2223;2225;2009;1847;13940;334;39;1369;1416;2785;30000;243000;889475;1049035;2538030;1767275;2754700;100000;60000;3629915;273000;1938510;4305305;377;50;7,015650497;12,72830441;13,75122385;10,61930193;0,174454829;0,818424566;0,82777036;0,62082777
BLITTA_EST;CENTRALE;92;1;15;108;11;89;1656;1346;1319;1347;1388;1388;8444;1531;1399;1296;1271;1290;1408;8195;16639;1656;1181;1319;1168;1388;1023;1531;1271;1296;1106;1290;990;1577;1577;1367;1264;1394;1363;8124;1471;1318;1210;1296;1336;1493;1874;1849;1783;1679;1455;962;397;720;1937;1659;1442;1358;109;109;107;107;104;106;107;106;106;106;104;103;238;174;74;9;78;78;577;260;;646;12;174;832;16267;1471;1318;21;11;32;1;1874;1875;9600000;0;0;;;0;9600000;288;56;344;1;0;1;84;16;100;39;3;42;387;0;65,90185905;108;16639;1;0;2;0;3;97,76428872;99,71014493;65,90185905;77,51937984;31,00775194;1,160773534;;0,85932147;0,800411205;16666;0,925925926;1,851851852;IEPP BLITTA EST;3;108;387;90;2;1420;0,804461942;0,90328152;0,88242142;1,04609375;0,737362637;14587;0,748890298;0,836398224;0,85442575;1,098101266;0,733859397;642;0,864038069;0,983308042;0,914049587;0,99537037;0,741017964;0,494602612;0,914658333;0,973968674;0,752931065;0,996948507;0,101851852;0,824074074;0,083333333;0,685185185;0,722222222;0,977642887;1;0,930344372;0,662801132;0,518602885;0,776442308;0,494602612;0,914658333;0,689966808;0,787585166;2777;2403;2248;2276;2296;2487;14487;416;78;1177;1228;2405;274000;88000;570000;730065;2976250;1890700;6847100;409000;0;2905685;362000;1300065;4866950;412;75;7,598733634;12,21732131;12,72376046;10,55887223;0,267224726;0,754668384;0,717643271;0,592401803
BLITTA_OUEST;CENTRALE;82;2;25;109;0;99;1755;1558;1363;1395;1344;1344;8759;1617;1468;1258;1340;1247;1420;8350;17109;1755;1304;1363;1127;1344;929;1617;1244;1258;1116;1247;830;1756;1756;1586;1374;1401;1358;8191;1671;1426;1407;1309;1269;1109;1713;1706;1729;1597;1365;1007;599;587;1712;1524;1422;1204;110;111;107;108;109;112;111;110;107;107;108;103;233;153;43;2;41;54;400;338;;490;29;209;728;15787;1671;1426;15;25;40;5;1713;1718;7966000;0;3658000;;;280000;11904000;264;22;286;2;0;2;93;9;102;54;7;61;349;0;75,85662668;109;17109;1;0;1;1;3;92,27307265;99,30555556;75,85662668;85,95988539;34,38395415;1,196048046;;0,743690473;0,726356016;17422;0,917431193;1,834862385;IEPP BLITTA OUEST;3;109;349;80;1;1975;0,743507441;0,823695789;0,749415302;0,965710026;0,658801498;13770;0,742596811;0,7761959;0,710592686;0,978165939;0,663097787;657;0,744464393;0,882187938;0,793176972;0,9526356;0,654058314;0,29199542;0,88456368;0,710025671;0,818496547;0,980587656;0;0,908256881;0,018348624;0,394495413;0,495412844;0,922730727;1;0,815944824;0,649636597;0,502208921;0,673076923;0,29199542;0,88456368;0,614430609;0,664902605;2762;2482;2126;2228;2016;2420;14034;402;37;1170;1316;2486;95000;394000;1120704;1574076;6932141;3802377;4053300;80000;0;3381949;489000;2694780;10734518;413;38;7,748661909;8,003345227;9,653806125;8,689323945;0,157448707;0,327386262;0,466547725;0,303746655
MO;CENTRALE;51;0;0;51;2;45;990;941;827;819;761;761;5099;943;928;806;749;642;521;4589;9688;990;837;827;719;761;592;943;821;806;666;642;428;1067;1067;983;797;809;707;4412;1056;957;737;717;546;399;1752;1666;1904;1901;1597;1315;1120;1091;1735;1713;1545;1358;52;53;53;51;50;49;51;52;49;50;45;44;147;98;27;2;21;23;117;148;;221;34;94;349;7391;1056;957;5;0;5;0;1752;1752;4605000;0;0;;;3836447;8441447;108;4;112;24;1;25;93;5;98;0;0;0;137;0;87,32026804;51;9688;1;0;1;0;2;76,29025599;81,75182482;87,32026804;100;43,79562044;1,10249299;;0,749427256;1,287251522;9842;1,960784314;1,960784314;IEPP MO;2;51;137;46;25;656;0,780970325;0,806818182;0,805232558;0,92668428;0,752767528;9382;0,784442362;0,775070291;0,731434385;0,954830615;0,731767614;308;0,777462121;0,842215256;0,903663501;0,89539749;0,783882784;0,353935567;0,932287366;0,786175386;0,748171118;0,987762962;0,039215686;0,882352941;0,039215686;0,529411765;0,450980392;0,76290256;1;0,565648225;0,96644853;0,841071985;0,633237822;0,353935567;0,932287366;0,627333653;0,742211201;1933;1869;1633;1568;1403;1221;9627;203;8;1666;1896;3562;422500;444500;522772;985679;3200612;1649128;3514000;50000;0;1970338;867000;1508451;4849740;225;10;7,424272818;11,42477432;13,57606152;10,49004155;0,172517553;0,731193581;0,810431294;0,644934804
SOTOUBOUA_NORD;CENTRALE;90;0;4;94;1;77;1256;1376;1098;1284;1087;1087;7188;1252;1301;1080;1269;1068;1101;7071;14259;1253;1110;1097;1033;1086;1057;1251;1102;1080;1024;1067;1002;1228;1228;1383;1053;1364;1102;7071;1190;1346;1064;1302;1074;1095;1831;1076;1428;1436;1342;895;867;391;1544;1345;1257;1102;95;95;94;94;94;93;93;94;92;93;93;93;279;203;48;12;68;53;341;172;;528;34;162;724;13877;1190;1346;12;0;12;0;1831;1831;9630000;0;120000;;;14784443;24534443;308;30;338;6;0;6;103;12;115;9;3;12;356;;66,50753402;94;14259;1;0;2;0;3;97,32099025;98,25581395;66,50753402;84,26966292;33,70786517;1,125862061;;1,244215;1,106438886;14429;1,063829787;2,127659574;IEPP SOTOUBOUA NORD;3;94;356;89;0;1097;0,914805624;0,845765346;0,840621169;0,914225053;0,844544709;13958;0,903908795;0,893322476;0,74692697;1,031339031;0,774926686;565;0,92605042;0,802377415;0,962406015;0,819508449;0,932960894;0,502174665;0,923066134;0,976451721;0,881626331;0,999695928;0,010638298;0,819148936;0,127659574;0,510638298;0,563829787;0,973209903;1;0,998667508;0,583503352;0,474060041;0,729281768;0,502174665;0,923066134;0,6477663;0,852400819;2375;2549;2090;2453;2058;2199;13724;400;45;16622;17608;34230;298900;570528;1300810;2475228;8069302;3389427;1593373;454336;0;3503555;869428;3776038;11458729;426;45;9,475635277;13,86098655;14,8961136;12,32303011;0,416143498;0,894618834;0,860986547;0,831390135
SOTOUBOUA_SUD;CENTRALE;67;0;15;82;23;73;1291;1302;1085;1327;1193;1193;7391;1242;1228;1119;1237;1196;1250;7272;14663;1291;1095;1085;1040;1193;1048;1242;1062;1119;977;1196;909;1229;1229;1258;1145;1431;1190;7286;1209;1252;1025;1385;1104;1311;1995;1956;1957;1775;1687;1522;1233;534;1787;1735;1415;1499;83;83;83;82;82;82;81;82;80;82;79;81;156;99;41;14;59;56;329;162;;542;23;68;633;14378;1209;1252;19;0;19;0;1995;1995;7005000;170000;422350;;;10409688;18007038;235;35;270;19;6;25;32;2;34;26;5;31;326;;73,77470782;82;14663;1;0;1;1;3;98,05633226;91,52542373;73,77470782;92,02453988;36,80981595;1,139110054;;0,974315107;0,993233847;14768;1,219512195;2,43902439;IEPP SOTOUBOUA SUD;3;82;326;66;0;1406;0,884741591;0,888351471;0,88348664;0,944268775;0,77199211;11770;0,890968267;0,88283157;0,826709062;1,041921397;0,732354997;495;0,878411911;0,893769968;0,953170732;0,863537906;0,823369565;0,506185554;0,904112392;0,933558452;0,932563702;0,979183754;0,280487805;0,890243902;0,170731707;0,5;0,682926829;0,980563323;1;0,889313237;0,9491939;0,714858388;0,856240126;0,506185554;0,904112392;0,735817788;0,815412561;1950;1963;1656;2019;1787;2100;11475;330;61;977;1088;2065;6620000;321350;1707022;1881433;7432552;3210025;10581909;1653943;0;4810070;6941350;3588455;10642577;312;48;7,707759156;11,49590317;13,81998759;10,79574355;0,209683426;0,701303538;0,799627561;0,636871508
TCHAMBA_EST;CENTRALE;72;0;12;84;0;65;1790;1538;1364;1261;1264;1264;8481;1694;1453;1234;1232;1149;1263;8025;16506;1790;1341;1364;1078;1261;1043;1694;1270;1234;1053;1145;843;1639;1639;1561;1280;1353;1276;7643;1654;1351;1200;1274;1090;1074;2091;1428;1821;1757;1485;717;1117;1039;1644;1549;1287;1076;86;85;86;82;83;85;85;84;80;82;80;78;203;145;35;0;42;39;189;232;;333;19;171;523;14474;1654;1351;18;13;31;0;2091;2091;7140000;349807;0;;;5708295;13198102;179;7;186;6;0;6;125;12;137;26;0;26;218;;69,18958653;84;16506;1;0;2;0;3;87,68932509;96,875;69,18958653;100;55,04587156;1,356502903;;0,899341533;0,997096048;16391;1,19047619;2,380952381;IEPP TCHAMBA EST;3;84;218;66;2;1390;0,792894018;0,868896321;0,771821804;0,942051684;0,772001637;14032;0,818181818;0,832214765;0,69058296;0,98515625;0,770879527;507;0,76783555;0,913397483;0,8775;0,898744113;0,773394495;0,386716849;0,915788198;0,803494245;0,834796156;0,971224777;0;0,773809524;0;0,416666667;0,464285714;0,876893251;1;0,528292742;0,640162467;0,530910092;0,636711281;0,386716849;0,915788198;0,569706812;0,729872787;3121;2647;2255;2175;2028;2300;14526;308;21;776;762;1538;75000;204000;494048;858240;4690769;4813641;19469869;11104000;140000;3677361;279000;1352288;9504410;336;19;5,559450172;12,12082474;12,19814433;9,375596465;0,067628866;0,764536082;0,70556701;0,467216495
TCHAMBA_OUEST;CENTRALE;83;8;15;106;28;95;2318;2065;1799;1689;1581;1581;11033;2052;1859;1610;1601;1416;1451;9989;21022;2318;1763;1799;1459;1581;1259;2052;1617;1610;1394;1416;1134;2318;2318;2123;1685;1776;1578;10412;2134;1915;1597;1628;1410;1728;3330;2429;2575;2468;2202;1214;2547;1396;2425;2241;2007;1456;106;105;100;99;95;94;103;101;101;96;94;95;238;200;75;10;46;56;322;0;;527;27;116;670;19102;2134;1915;27;0;27;0;3330;3330;8513000;4728000;8944900;;;24526500;46712400;248;23;271;20;3;23;101;18;119;4;0;4;298;;70,75430308;106;21022;1;0;1;0;2;90,86671106;92,17687075;70,75430308;100;20,13422819;1,410059493;;0,922148149;1,283223291;22210;0,943396226;0,943396226;IEPP TCHAMBA OUEST;2;106;298;79;1;1620;0,759209344;0,805339003;0,766935484;0,904618171;0,751098556;19329;0,760569456;0,776100086;0,687235045;0,938278932;0,708896396;599;0,757731959;0,84073107;0,872886662;0,86977887;0,804255319;0,318611424;0,922937875;0,937313986;0,693654629;0,99922042;0,264150943;0,896226415;0,094339623;0,70754717;0,528301887;0,908667111;1;0,567025021;0,779410152;0,661769543;0,786567164;0,318611424;0,922937875;0,676314478;0,753734762;3838;3429;2936;2843;2571;2625;18242;358;41;703;777;1480;14590000;1396641;1413309;3502865;9203206;2444706;14737850;809000;67024;4607122;15986641;4916174;11647912;373;44;7,378686327;12,82560322;13,55942806;10,81602834;0,234048257;0,810723861;0,771849866;0,650670241
TCHAOUDJO_NORD;CENTRALE;88;0;23;111;51;95;2060;2179;1765;1893;1691;1691;11279;1939;2051;1868;1866;1668;1829;11221;22500;2060;1803;1765;1510;1691;1380;1939;1756;1868;1538;1668;1380;2109;2109;2009;1705;1974;1661;11209;1948;2027;1697;1924;1642;1971;2729;1317;1460;1522;1536;1064;1344;332;1556;1387;1643;1394;114;115;112;113;109;110;114;110;110;110;108;112;229;141;86;32;55;66;327;186;;726;43;71;840;21204;1948;2027;31;2;33;0;2729;2729;8500000;1980000;709500;;;21805744;32995244;275;75;350;8;1;9;79;12;91;28;14;42;401;0;65,05470074;111;22500;1;0;1;0;2;94,24;97,49303621;65,05470074;74,81296758;14,96259352;0,578190786;;0,517466289;0,511654167;22776;0,900900901;0,900900901;IEPP TCHAOUDJO NORD;2;111;401;81;12;2142;0,877249199;0,878384913;0,822450081;0,925599339;0,763274336;18638;0,854907539;0,836889521;0,75161772;0,991788856;0,699088146;673;0,901437372;0,921558954;0,906305245;0,866943867;0,84043849;0,447735048;0,9048;0,962708223;0,679681364;0,999261334;0,459459459;0,855855856;0,288288288;0,774774775;0,594594595;0,9424;1;0,712888889;0,528198376;0,420013167;0,864285714;0,447735048;0,9048;0,701307457;0,771529551;3107;3394;2858;3037;2717;3115;18228;372;103;723;726;1449;260000;1015000;461531;1115100;12300343;6024227;2342427;644943;0;4822717;1275000;1576631;18324570;390;102;8,551513652;10,84978966;13,79905964;10,84020928;0,29918337;0,6223707;0,794357832;0,634991339
TCHAOUDJO_SUD;CENTRALE;106;5;25;136;54;108;2661;2678;2496;2355;2437;2437;15064;2614;2454;2337;2326;2281;2368;14380;29444;2661;2295;2496;2007;2437;1737;2614;2181;2337;2037;2281;1667;2733;2733;2635;2288;2453;2296;13911;2548;2393;2216;2330;2211;2213;4014;2892;3085;2803;2669;1574;2866;1079;2932;2845;2439;2089;136;138;136;134;131;132;126;128;122;124;123;122;351;248;94;39;65;75;386;480;;807;46;136;989;25892;2548;2393;28;86;114;22;4014;4036;10514000;30000;1637000;;;53221495;65402495;314;70;384;21;3;24;131;28;159;92;28;120;528;0;71,07486429;136;29444;1;0;1;1;3;87,93642168;94,11764706;71,07486429;56,81818182;22,72727273;0,762679769;;0,638208423;0,756700703;29049;0,735294118;1,470588235;IEPP TCHAOUDJO SUD;3;136;528;105;0;2694;0,847566749;0,942840421;0,833642548;1,021654396;0,729845626;24555;0,839736553;0,913282108;0,761669829;1,065122378;0,708112515;807;0,855965463;0,976598412;0,919223827;0,978969957;0,753957485;0,496737553;0,908504279;0,953979352;0,776795658;0,992145793;0,397058824;0,794117647;0,286764706;0,691176471;0,551470588;0,879364217;1;0,717293846;0,688808927;0,576130023;0,815975733;0,496737553;0,908504279;0,694944788;0,766302215;4353;4259;3999;3947;4031;4145;24734;452;97;1556;1680;3236;144291136;187750;3195102;1383420;13077402;5170641;9377412;376000;10000;5793243;144478886;4578522;18248043;558;129;6,611232359;10,20896988;13,2234832;9,631477209;0,100655022;0,56790393;0,774454148;0,469650655
ASSOLI;KARA;58;0;8;66;18;58;1202;1002;912;934;926;926;5902;1062;954;872;853;869;867;5477;11379;1201;894;905;832;914;778;1061;864;863;757;858;684;1053;1053;981;890;917;940;5402;975;895;875;893;871;893;1941;1510;1391;1485;1273;853;756;765;1472;1355;1166;981;66;66;66;66;66;63;66;66;66;66;65;65;157;100;31;16;35;39;195;212;;478;84;4;566;11268;975;895;13;38;51;6;1941;1947;5278000;0;14581900;;;151000;20010900;171;19;190;3;2;5;38;13;51;41;6;47;242;0;57,1346872;66;11379;1;0;1;0;2;99,02451885;97,43589744;57,1346872;100;24,79338843;1,176749983;;1,072834422;1,428733666;11236;1,515151515;1,515151515;IEPP ASSOLI;2;66;242;52;1;768;0,866863905;0,907597536;0,856142241;0,993830623;0,817673378;10152;0,849002849;0,859449193;0,848114169;1,026966292;0,848418757;393;0,886153846;0,96424581;0,865142857;0,960806271;0,785304248;0,547371758;0,93250725;0,926191872;0,966699815;0,992349218;0,272727273;0,878787879;0,242424242;0,46969697;0,590909091;0,990245189;1;0,850689867;0,823397623;0,632670953;0,844522968;0,547371758;0,93250725;0,714202586;0,83780465;2081;1739;1590;1606;1618;1632;10266;216;29;1804;1767;3571;90000;77300;188000;466800;1666050;1027870;1264650;3645000;0;1556100;167300;654800;2693920;253;40;7,13292011;12,55013774;13,94949495;10,72378985;0,183471074;0,807162534;0,796694215;0,661707989
BASSAR_NORD;KARA;80;0;3;83;0;65;1646;1331;1110;1081;1088;1088;7344;1568;1269;1062;970;990;754;6613;13957;1634;1175;1061;909;1016;688;1560;1110;1025;798;926;506;1578;1578;1173;1144;1067;1080;6212;1511;1151;1025;998;876;651;2521;1480;1764;1622;1332;695;2161;1328;1647;1659;1310;1033;86;85;83;82;80;77;84;81;81;80;78;75;286;152;16;5;57;37;228;250;;351;107;95;553;11202;1511;1151;11;0;11;0;2521;2521;6297000;0;108000;;;121600;6526600;226;9;235;5;0;5;98;8;106;7;0;7;247;0;72,57743678;83;13957;1;0;1;0;2;80,26080103;97,91666667;72,57743678;100;24,29149798;1,528681764;;0,89691994;1,893748047;13832;1,204819277;1,204819277;IEPP BASSAR NORD;2;83;247;78;0;1549;0,739721593;0,764382558;0,776615105;0,906629318;0,614513639;12384;0,744613435;0,672370089;0,774936061;0,888111888;0,6447985;493;0,734612839;0,890529974;0,778536585;0,927855711;0,577625571;0,244650542;0,889016264;0,796275327;0,813924062;0,985266057;0;0,78313253;0,060240964;0,192771084;0,445783133;0,80260801;1;0,707888515;0,716383837;0,695380869;0,634719711;0,244650542;0,889016264;0,58483961;0,685158406;3104;2468;2077;1945;1952;1595;13141;292;14;696;778;1474;25000;152500;418850;907825;2993775;1532600;9322350;1561600;0;3684600;177500;1326675;4526375;336;17;7,464787879;9,291272727;11,13806061;9,276571429;0,182545455;0,419636364;0,594909091;0,381818182
BASSAR_SUD;KARA;85;0;4;89;24;70;1752;1646;1533;1489;1359;1359;9138;1667;1558;1449;1451;1256;878;8259;17397;1752;1406;1533;1191;1359;959;1667;1339;1449;1147;1256;765;1723;1723;1676;1440;1503;1297;7992;1672;1588;1349;1466;1057;860;2649;1691;1766;1593;1430;898;524;611;1690;1449;1409;1163;89;89;89;86;85;83;90;89;86;86;84;82;247;131;30;8;75;46;262;246;;397;106;86;589;12753;1672;1588;15;0;15;0;2649;2649;8961000;25000;7951900;;;949200;17887100;261;30;291;3;1;4;67;10;77;9;0;9;304;0;77,9356186;89;17397;1;0;1;0;2;73,30574237;98,6440678;77,9356186;98,68421053;19,73684211;1,308684467;;1,028877408;1,5809143;17354;1,123595506;1,123595506;IEPP BASSAR SUD;2;89;304;82;0;1574;0,808541973;0,900634249;0,772892562;0,899862354;0,6734375;15576;0,816018572;0,88972722;0,710620525;0,94375;0,638057219;521;0,800837321;0,912468514;0,850259451;0,85675307;0,723746452;0,341070011;0,909524631;0,948788742;0,806409216;0,972219315;0,269662921;0,786516854;0,08988764;0,337078652;0,516853933;0,733057424;1;0,698971087;0,626570018;0,427794788;0,674023769;0,341070011;0,909524631;0,59557148;0,792902618;3215;3026;2821;2726;2420;1795;16003;336;42;638;610;1248;0;185000;535700;687350;2968500;1194400;2439000;507000;0;2480750;185000;1223050;4162900;340;41;9,160072267;12,72439024;14,48581752;11,68629501;0,356639566;0,820054201;0,866124661;0,779403794
BINAH;KARA;91;0;7;98;4;87;1856;1573;1279;1493;1276;1276;8753;1723;1497;1276;1426;1157;1147;8226;16979;1856;1245;1279;1211;1276;967;1723;1226;1276;1129;1157;781;1617;1617;1522;1347;1344;1284;7585;1558;1398;1272;1288;1085;984;3159;2797;2577;2210;1958;1133;280;175;2265;1887;1812;1562;93;95;89;93;82;83;94;95;92;93;83;79;246;198;38;24;75;56;233;308;;549;61;68;678;14505;1558;1398;2;16;18;4;3159;3163;8480000;0;0;;;0;8480000;278;37;315;0;0;0;22;2;24;31;5;36;351;;80,47470248;98;16979;1;0;1;0;2;85,42905943;100;80,47470248;85,47008547;17,09401709;1,406413949;;0,985942298;1,784059205;16316;1,020408163;1,020408163;IEPP BINAH;2;98;351;88;5;1853;0,778267717;0,847429519;0,837508948;0,923339658;0,719637711;14772;0,769944341;0,790970934;0,795663601;0,947290275;0,719494048;535;0,78690629;0,912732475;0,887578616;0,898291925;0,719815668;0,367026534;0,890865186;0,879823217;0,80121208;0,990447171;0,040816327;0,887755102;0,244897959;0,387755102;0,571428571;0,854290594;1;0,826903822;0,876507171;0,506472903;0,809734513;0,367026534;0,890865186;0,667213505;0,742961146;3309;2840;2344;2692;2240;2333;15758;325;42;1731;1714;3445;153000;247000;400650;1919175;5980961;2954935;25000;76300;0;3814068;400000;2319825;8935896;331;44;7,281721206;11,34071222;12,71398781;10,16497663;0,230028874;0,670356112;0,693455245;0,528392685
DANKPEN;KARA;148;2;3;153;11;121;4723;2968;2652;2380;2130;2130;16983;5166;2968;2472;2101;1647;1342;15696;32679;4690;2658;2618;2089;2098;1501;5134;2694;2447;1799;1620;1022;4319;4319;2877;2501;2264;1934;13432;3994;2683;2178;1882;1535;1160;6369;3694;4366;4091;3092;1543;3043;3008;4350;3789;3026;2073;152;152;151;152;148;148;155;151;152;150;148;149;484;227;26;7;115;79;369;506;;594;118;206;918;19560;3994;2683;13;11;24;0;6369;6369;15527000;941807;510000;;;20939964;37918771;426;38;464;22;3;25;132;13;145;13;0;13;502;;61,10958411;153;32679;1;0;1;0;2;59,85495272;94,88752556;61,10958411;59,76095618;11,95219124;1,688689465;;0,728421403;1,83880932;31646;0,653594771;0,653594771;IEPP DANKPEN;2;153;502;143;27;2309;0,643810899;0,723364753;0,769139466;0,848277436;0,664122137;28706;0,615420236;0,606158833;0,72610358;0,838864454;0,662985866;903;0,674511768;0,912038763;0,825987144;0,860786397;0,665798046;0,20179325;0,929343003;0,748509296;0,517295647;0,983128148;0,071895425;0,790849673;0,045751634;0,169934641;0,516339869;0,598549527;1;0,614461887;0,722014344;0,601465544;0,647058824;0,20179325;0,929343003;0,560599719;0,637580953;9824;5866;5062;4427;3719;3172;32070;545;50;755;771;1526;145500;234000;1903389;2354490;9756667;4794540;286700;111725;3051575;6403922;379500;4257879;14551207;593;54;5,887858642;11,35496851;12,02192676;9,342022393;0,108817355;0,674247726;0,667249825;0,445416375
DOUFELGOU;KARA;106;0;9;115;33;98;1931;1732;1518;1524;1336;1336;9377;1943;1684;1538;1572;1230;965;8932;18309;1931;1439;1518;1184;1336;957;1943;1452;1536;1188;1230;860;1999;1999;1655;1422;1512;1270;8908;2127;1660;1471;1509;1257;884;3149;2798;2531;2335;2107;1445;933;1634;2141;1883;1844;1498;112;113;115;114;114;110;114;115;112;114;112;110;287;175;57;26;84;82;393;300;;730;97;79;906;16472;2127;1660;32;0;32;0;3149;3149;10555000;0;690150;;;2652000;13897150;267;36;303;5;0;5;159;30;189;30;0;30;338;;62,2228542;115;18309;0;1;1;0;2;89,96668305;98,37662338;62,2228542;88,75739645;17,75147929;1,372195448;;0,938474942;1,626448867;18765;0,869565217;0,869565217;IEPP DOUFELGOU;2;115;338;106;3;1735;0,700678623;0,834654277;0,758797185;0,875469123;0,656193572;16426;0,71985993;0,75937969;0,715407855;0,9395218;0,632936508;678;0,682651622;0,925301205;0,807613868;0,815109344;0,684168656;0,254931797;0,905237861;0,947268133;0,817452681;0,970645148;0,286956522;0,852173913;0,226086957;0,495652174;0,713043478;0,899666831;1;0,73843465;0,864632238;0,597869267;0,805739514;0,254931797;0,905237861;0,705335148;0,781343;3629;3159;2802;2843;2347;1834;16614;383;49;558;614;1172;277000;194000;676700;971293;7809490;3419308;541400;27000;2872900;5147665;471000;1647993;11228798;461;66;10,50469545;11,91205898;15,02044936;12,30437072;0,571879937;0,708267509;0,870984729;0,79252238
KERAN;KARA;104;0;4;108;12;74;2916;2066;1839;1647;1476;1476;11420;2652;1900;1617;1392;1286;1148;9995;21415;2916;1711;1838;1335;1476;829;2652;1599;1617;1086;1286;675;2524;2524;2034;1845;1624;1388;9235;2322;1858;1562;1393;1127;973;4165;3419;3532;3073;2702;1399;464;521;3775;3179;2673;2034;107;102;100;100;98;97;103;103;103;99;98;97;267;151;31;12;77;66;335;363;;580;78;113;771;15466;2322;1858;6;0;6;0;4165;4165;9040000;9990400;297500;;;20908610;40236510;321;23;344;0;0;0;56;3;59;10;1;11;355;;76,69113162;108;21415;1;0;2;0;3;72,22040626;100;76,69113162;84,50704225;33,8028169;1,400300086;;0,631828205;1,749710423;21174;0,925925926;1,851851852;IEPP KERAN;3;108;355;98;10;2395;0,683037557;0,788452761;0,673248053;0,852995676;0,546710287;19042;0,677892235;0,728209192;0,656342183;0,8;0,51046798;604;0,688630491;0,870290635;0,695262484;0,923187365;0,598935226;0,169082805;0,888162503;0,797613984;0,574297019;0,992045668;0,111111111;0,685185185;0,111111111;0,287037037;0,611111111;0,722204063;1;0,663086622;0,888432781;0,595562723;0,75226978;0,169082805;0,888162503;0,61892596;0,61954344;5416;3813;3298;2892;2609;2435;20463;388;29;973;1012;1985;278000;1647700;1191996;1870115;9199839;5407413;44262500;9161500;3910000;115689089;1925700;3062111;14607252;387;27;4,952031775;10,1394363;10,22525206;8,106373576;0,073327223;0,575160403;0,507332722;0,296058662
KOZAH_CENTRE;KARA;77;0;38;115;93;112;2334;2257;2141;1982;2042;2042;12798;2272;2130;2122;2151;2158;1894;12727;25525;2331;2034;2080;1697;1980;1517;2269;1971;2060;1841;2082;1728;2333;2333;2076;1954;2010;1871;12146;2127;1992;2005;2183;2112;1727;3335;1699;1711;1611;1545;1189;648;244;1651;1589;1621;1508;115;112;112;118;114;111;110;107;115;113;110;104;181;128;59;41;57;56;189;150;;763;36;71;870;21791;2127;1992;15;113;128;44;3335;3379;8622000;5000;370500;;;0;8997500;237;121;358;1;0;1;32;14;46;160;48;208;567;;58,38910388;115;25525;0;1;0;1;2;85,3712047;99,72144847;58,38910388;52,91005291;10,58201058;0,695526693;;0,635886401;0,662144884;24723;0,869565217;0,869565217;IEPP KOZAH CENTRE;2;115;567;76;0;1935;0,897982063;0,957225434;0,866944376;0,981870921;0,787239204;17947;0,871838834;0,891555937;0,81743738;1,013306039;0,754726368;682;0,926657264;1,034136546;0,918204489;0,953733394;0,818181818;0,576015588;0,924191969;0,965918555;0,707711426;0,968490489;0,808695652;0,973913043;0,356521739;0,513043478;0,486956522;0,853712047;1;0,888540646;0,593301947;0,388454954;0,877011494;0,576015588;0,924191969;0,728113834;0,826733386;3411;3230;3123;3098;3194;2636;18692;369;157;978;1260;2238;260000;147525;347565;1029545;3671235;1088665;8106800;973550;0;5241855;407525;1377110;4759900;430;183;11,83436245;11,37413404;15,23162651;12,69703098;0,703915663;0,638253012;0,877409639;0,818072289
KOZAH_NORD;KARA;58;0;13;71;0;65;1029;972;946;922;964;964;5797;974;931;924;959;913;855;5556;11353;1029;884;944;803;958;804;974;846;924;859;908;830;1031;1031;946;905;992;956;5752;1005;954;951;1002;981;859;2335;2105;2094;1687;1750;1506;1434;764;1784;1504;1462;1468;68;68;69;69;69;69;67;69;67;68;70;69;154;65;26;10;40;55;334;167;;613;66;19;698;12252;1005;954;15;2;17;1;2335;2336;5395000;30000;2173700;;;226938;7825638;185;33;218;1;1;2;37;8;45;35;4;39;259;;64,44256752;71;11353;1;0;1;1;3;100;99,09090909;64,44256752;100;46,33204633;0,302856514;;0,320196727;0,457759825;11613;1,408450704;2,816901408;IEPP KOZAH NORD;3;71;259;57;1;590;0,849705305;0,941057935;0,87612019;0,978500262;0,828180436;9659;0,857419981;0,915615907;0,848837209;1,058563536;0,810483871;412;0,841791045;0,968553459;0,903259727;0,906187625;0,846075433;0,567720128;0,948031357;0,995478413;0,987586427;0,972961985;0;0,915492958;0,14084507;0,366197183;0,774647887;1;1;0,912534132;1;0,890111052;0,878223496;0,567720128;0,948031357;0,739080072;0,903191122;1718;1608;1579;1589;1547;1414;9455;255;47;1786;1913;3699;159000;161750;92500;344350;2215010;1112118;4760800;843000;870000;2525700;320750;436850;3327128;258;46;11,25377287;16,20217883;16,483588;14,13101302;0,630447085;0,973401245;0,934352009;0,947368421
KOZAH_SUD;KARA;55;1;4;60;0;48;1014;829;760;759;783;783;4928;962;833;770;776;797;631;4769;9697;1000;702;745;623;740;589;952;706;757;620;756;509;993;993;820;793;803;802;4650;960;810;733;842;703;602;2004;1226;1012;895;886;617;504;237;1103;989;891;828;60;59;59;59;58;58;59;60;57;58;58;58;139;78;41;6;54;42;244;194;;374;84;39;497;10030;960;810;3;9;12;1;2004;2005;4655000;3865000;818700;;;870000;10208700;182;13;195;1;0;1;43;3;46;13;1;14;210;;80,62053962;60;9697;1;0;2;0;3;100;99,48979592;80,62053962;100;57,14285714;0,29514524;;0,215162795;0,392897453;9854;1,666666667;3,333333333;IEPP KOZAH SUD;3;60;210;55;1;998;0,72094214;0,833056018;0,800386349;0,914984709;0,729083665;9176;0,70694864;0,750251762;0,759756098;0,933165195;0,733499377;353;0,735416667;0,934567901;0,845839018;0,897862233;0,724039829;0,320675289;0,897081572;0,916595727;0,729832433;0,990015809;0;0,8;0,1;0,683333333;0,7;1;1;0,866247293;0,717292254;0,493816446;0,752515091;0,320675289;0,897081572;0,675675198;0,761376601;1891;1598;1465;1470;1497;1297;9218;210;15;592;669;1261;0;447000;406500;433000;1564750;1957050;3148000;669000;10000;1711055;447000;839500;3521800;239;17;9,467566852;13,91322478;13,23351867;11,95512311;0,428117554;0,856235107;0,729150119;0,714058777
CINKASSE;SAVANES;68;2;29;99;23;88;2267;2297;1874;1903;1629;1629;11599;2229;2173;1645;1693;1384;1359;10483;22082;2267;1980;1874;1586;1629;1298;2229;1905;1645;1412;1384;1093;2246;2246;2236;1673;2050;1503;10060;2199;1857;1483;1696;1343;1482;3936;2323;2765;2500;1735;1006;2558;1881;2424;2311;1778;1371;98;99;97;94;89;87;95;93;91;88;84;84;235;181;61;14;48;67;351;220;;529;48;61;638;18473;2199;1857;16;102;118;33;3936;3969;4920080;308000;4696800;;;20049469;29974349;228;15;243;0;0;0;45;16;61;119;33;152;395;;53,47794882;99;22082;1;0;1;1;3;83,65637171;100;53,47794882;75,94936709;30,37974684;1,276357331;;0,951707818;1,579811096;22014;1,01010101;2,02020202;IEPP CINKASSE;3;99;395;67;6;1780;0,874015748;0,857665123;0,80613068;0,894330662;0,704686118;14852;0,881567231;0,834372217;0,709302326;0,97369994;0,633170732;564;0,866302865;0,885837372;0,952124073;0,816037736;0,81384959;0,380834509;0,919391359;0,920216532;0,662858676;0,994088504;0,232323232;0,888888889;0,141414141;0,616161616;0,676767677;0,836563717;1;0,715514899;0,961123838;0,830278938;0,829153605;0,380834509;0,919391359;0,727349213;0,744466951;3015;3022;2334;2430;2033;2008;14842;351;49;10252;11694;21946;26642487;153000;812500;949075;7638415;3700150;11937400;863600;7801176;4332925;26795487;1761575;11338565;392;64;7,240868985;11,605494;13,090079;10,33072814;0,225300092;0,677131425;0,742382271;0,589412127
KPENDJAL;SAVANES;133;2;6;141;5;95;4640;3667;2792;2685;2125;2125;18034;4813;3321;2328;2163;1666;1694;15985;34019;4634;3116;2774;2241;2106;1748;4811;2886;2323;1774;1651;1331;4434;4434;3505;2707;2619;2372;15190;3779;2872;2224;2165;1883;2267;5883;4999;5398;4920;3440;1783;4641;6192;4808;4654;3296;2281;153;148;144;142;133;130;148;143;137;136;131;139;500;291;69;12;102;105;612;411;;843;66;171;1080;24364;3779;2872;14;0;14;0;5883;5883;13124000;21668235;4124550;;;45794556;84711341;487;19;506;3;0;3;93;8;101;4;0;4;513;;76,22228371;141;34019;1;0;2;0;3;71,61880126;99,41060904;76,22228371;58,47953216;23,39181287;1,150019881;;0,589009002;1,125410834;35261;0,709219858;1,418439716;IEPP KPENDJAL;3;141;513;134;27;2624;0,730792646;0,697645771;0,700820388;0,771141215;0,683918259;32576;0,702751466;0,625620207;0,639372325;0,777983007;0,667430317;850;0,763694099;0,808844011;0,797661871;0,762586605;0,70685077;0,188440382;0,922866633;0,887023007;0,549569287;0,996938988;0,035460993;0,673758865;0,085106383;0,489361702;0,744680851;0,716188013;1;0,603192334;0,797607758;0,791458901;0,780555556;0,188440382;0,922866633;0,64262312;0,699997296;9163;6744;4893;4627;3588;3674;32689;589;31;922;1034;1956;1014000;538275;1066260;1803980;14599745;6345675;11072600;1242525;19154615;6464996;1552275;2870240;20945420;587;27;8,343682874;12,10183558;12,7920979;10,79167015;0,3891818;0,749267721;0,720952939;0,655145479
OTI_NORD;SAVANES;95;0;10;105;30;98;2443;2146;1827;2035;1569;1569;11589;2278;2118;1725;1875;1586;1982;11564;23153;2443;1789;1827;1701;1569;1477;2278;1796;1725;1536;1586;1500;2348;2348;2280;1892;1975;1683;11811;2258;2014;1746;2013;1693;2087;4145;3550;3238;2743;2075;1524;3527;2965;3213;2802;2152;1692;106;108;106;106;104;107;105;108;103;104;104;108;339;225;51;33;61;59;357;184;;552;71;145;768;17992;2258;2014;27;39;66;7;4145;4152;9267000;2936000;7116200;;;12322457;31641657;321;31;352;8;0;8;105;27;132;41;8;49;409;;70,4478501;105;23153;1;0;1;0;2;77,70915216;97,77777778;70,4478501;73,34963325;14,66992665;1,346075233;;1,299554749;1,812479448;24337;0,952380952;0,952380952;IEPP OTI NORD;2;105;409;88;17;1926;0,77833261;0,814305365;0,804023845;0,80793854;0,811613959;22215;0,761925043;0,778109029;0,746052632;0,829281184;0,747848101;637;0,795394154;0,856504469;0,879725086;0,787878788;0,886001181;0,334156016;0,916814236;0,864461533;0,655669018;0,966456503;0,285714286;0,933333333;0,314285714;0,485714286;0,561904762;0,777091522;1;0,706603896;0,799990738;0,757201074;0,71875;0,334156016;0,916814236;0,693197282;0,725852152;4367;3948;3271;3612;2897;3499;21594;430;57;1965;2433;4398;879000;1179050;584700;1165995;7397530;6675800;7844650;337000;288500;3233635;2058050;1750695;14073330;475;66;8,511420713;11,66431476;12,92382205;10,847217;0,306386032;0,683807702;0,707007893;0,617555609
OTI_SUD;SAVANES;114;6;6;126;0;87;3532;2463;2230;2095;1879;1879;14078;2936;2036;1780;1683;1365;1244;11044;25122;3532;2108;2230;1836;1879;1455;2936;1762;1780;1439;1365;963;3372;3372;2708;2331;2224;1926;11037;2786;2179;1752;1698;1431;1191;5309;3911;3816;3492;2595;1177;6676;4968;3435;3260;2549;1919;126;126;126;125;122;120;125;125;125;123;120;117;416;223;36;1;82;60;313;428;;446;93;177;716;16133;2786;2179;19;0;19;0;5309;5309;9725000;6248330;7528850;;;11922350;35424530;289;17;306;4;1;5;180;16;196;5;1;6;317;;67,87993382;126;25122;1;0;1;0;2;64,21861317;98,39228296;67,87993382;94,63722397;18,92744479;1,284158898;;0,751341047;1,649656584;26970;0,793650794;0,793650794;IEPP OTI SUD;2;126;317;116;5;1837;0,628450796;0,722392362;0,734304933;0,805162571;0,661559508;24079;0,62514828;0,661328588;0,677991137;0,806091806;0,654226619;745;0,632447954;0,816888481;0,821347032;0,803886926;0,672955975;0,177571541;0,926876841;0,863285813;0,643933763;0,998506889;0;0,69047619;0,007936508;0,285714286;0,476190476;0,642186132;1;0,504736884;0,857661921;0,934978242;0,622905028;0,177571541;0,926876841;0,583892375;0,706649781;6186;4301;3771;3573;3034;2804;23669;457;35;1373;1503;2876;1561607;1307500;1601600;2504000;10822832;8576350;10544550;599750;0;5354420;2869107;4105600;19399182;478;35;7,499152132;12,78601926;12,31492248;10,46058711;0,23255814;0,80559593;0,703851744;0,629723837
TANDJOUARE;SAVANES;128;1;12;141;4;101;3024;2855;2569;2759;2463;2463;16133;2746;2641;2394;2543;2362;2394;15080;31213;3019;2443;2563;2378;2463;2127;2742;2334;2390;2233;2362;2060;2891;2891;2882;2559;2784;2430;15227;2788;2695;2401;2649;2374;2320;4964;4367;4414;3888;3446;2618;4074;4581;3808;3938;3014;2569;144;144;142;142;140;136;140;138;141;140;135;137;469;284;52;2;42;91;502;257;;669;104;248;1021;24619;2788;2695;16;36;52;3;4964;4967;13128000;225000;4749425;;;32838950;50941375;469;27;496;8;0;8;149;12;161;42;3;45;549;;64,15707797;141;31213;1;0;0;1;2;78,87418704;98,41269841;64,15707797;54,64480874;10,92896175;1,041649867;;1,084000505;1,285939935;31664;0,709219858;0,709219858;IEPP TANDJOUARE;2;141;549;124;5;2099;0,84116922;0,886680988;0,872799546;0,926459293;0,81174874;29053;0,84503632;0,886544448;0,825121443;0,962485346;0,764008621;848;0,837159254;0,886827458;0,930029155;0,891657229;0,867733783;0,489568251;0,932752379;0,940781941;0,850859655;0,992451507;0,028368794;0,716312057;0,014184397;0,368794326;0,645390071;0,78874187;1;0,703553007;0,821614312;0,76222176;0,655239961;0,489568251;0,932752379;0,624045628;0,821648066;5417;5069;4604;4914;4472;4366;28842;630;38;1429;1742;3171;1490525;1192575;1952150;3673800;13319650;9896370;8703700;1084800;0;8703240;2683100;5625950;23216020;668;42;8,954239917;13,31416753;13,67945536;11,71273453;0,392967942;0,825646329;0,79524302;0,723474664
TONE_EST;SAVANES;129;0;24;153;25;114;3639;3344;2854;2981;2736;2736;18290;3426;2947;2605;2628;2379;2469;16454;34744;3525;2733;2757;2449;2642;2294;3321;2483;2501;2152;2293;1910;3501;3501;3354;2726;3207;2855;16735;3145;2932;2545;2741;2396;2976;5395;4143;4621;4164;3474;1544;3253;2665;3868;3698;3240;2361;155;155;153;155;153;158;153;153;153;154;153;159;487;329;93;40;61;102;448;350;;737;126;250;1113;26115;3145;2932;23;79;102;18;5395;5413;12735000;0;7156365;;;41740072;61631437;403;39;442;41;7;48;120;23;143;98;24;122;612;;72,00188767;153;34744;1;0;0;2;3;75,1640571;90,20408163;72,00188767;49,01960784;19,60784314;0,50251818;;0,442288464;0,56948322;35879;0,653594771;1,307189542;IEPP TONE EST;3;153;612;124;9;3684;0,784832982;0,817348049;0,779962706;0,90268886;0,750312333;30491;0,780634105;0,787489289;0,730172928;0,96918562;0,715310259;929;0,789507154;0,853001364;0,845579568;0,836556001;0,797161937;0,338874025;0,893967304;0,946030489;0,819440585;0,993647478;0,163398693;0,745098039;0,261437908;0,607843137;0,666666667;0,751640571;1;0,704582086;0,788414119;0,644654619;0,662174304;0,338874025;0,893967304;0,65816258;0,781768624;6066;5362;4576;4763;4303;4535;29605;628;85;1568;1683;3251;3799050;2044900;1458600;2817550;17616500;11682800;8560515;1190000;5858015;9276445;5843950;4276150;29299300;662;93;8,554269099;12,83528945;13,69064235;11,28204939;0,350515464;0,808723236;0,792386994;0,698651864
TONE_OUEST;SAVANES;115;4;26;145;48;123;3652;3193;2965;3138;2828;2828;18604;3290;3098;2763;2895;2632;2519;17197;35801;0;0;0;0;0;0;0;0;0;0;0;0;3414;3414;3210;3003;3197;2728;17354;3368;3015;2730;2914;2629;2698;4381;2767;3364;3326;2731;1341;2115;1228;3137;2947;2488;2035;148;145;146;152;145;144;144;144;144;149;140;140;375;197;74;25;51;79;388;98;;689;126;265;1080;26992;3368;3015;49;102;151;36;4381;4417;14196000;315000;490000;;;32517157;47518157;409;92;501;6;0;6;133;45;178;105;37;142;649;;#DIV/0!;145;35801;1;0;1;1;3;75,39454205;98,81656805;#DIV/0!;46,22496148;18,48998459;0;;0;0,464697466;36320;0,689655172;1,379310345;IEPP TONE OUEST;3;145;649;113;3;35801;0;0;0;0;0;29973;0;0;0;0;0;880;0;0;0;0;0;0;0;0,996414474;#DIV/0!;#DIV/0!;0,331034483;0,848275862;0,172413793;0,510344828;0,544827586;0,753945421;1;0,72511941;0,603741783;0,470251138;0,637962963;0;0;0,632173579;#DIV/0!;5824;5197;4770;5040;4601;4233;29665;595;155;1501;1654;3155;1196000;262500;1040200;3681200;10062763;4860617;1063907;447600;5000;3350327;1458500;4721400;14923380;653;174;9,4446997;12,90166667;13,7196997;11,76669884;0,445765766;0,810990991;0,78954955;0,740900901
